metric,ELITEAVE,AVERAGES,STDEV,TTlong,sekison,3106kun,RabbitRain,RyuSeiLan,klosear,dadahao,270088,danck,yinan_031,leocheng32241,yusuke56,benip2012,ylathor,haogezi,Elin5,Aokakesu,hikuwa-2rin,grognog,MasterKills,cyberbetta,Magalagi,Saryan_Y,Tundy359,DPotter1234,papachan11,Ray ku,Ogogos,jorker_121,KristapsM1337,pandax42,jyi2002,Hanzibal,SKRAz,CN_PLHunter,RRrush,gev_w,nyahan8888,Asymmetric,StaircaseProject,Mexx2505,zqgpj,MajimaOne,Mazghoul,blackmanhome,kuronorain,VerticalHorizon,Wallfacer_,hinpinjin,Udozz1139,meow007,ordinary33,Chilimonkey,TrisolarisSophon,huangerkai,huong phan,Woooooh,FelixTHM,qwaszx121,aymaliev,pahs-cat,grimzol,litiany,WRandB,Amfet,romance900,AuTo,MorganTorg,bcwcc,kystich,Big Funnel,vicente1224,Flame_ustc,IndigoNebula,Kultknutschkugel,QQ OYZK,scoyard,Anacleto Jones,Speedykat,vasymi,Lethargic Socket,pyun,Prokrustes,ethreepio,CX404,shenOwO,The Haydes,Anticodon,inukaiza,fenghuajuedai159,zyzada,yruSoDiao,TheBlue20,vu oanh,Brice3137,DrownINDarkness,yuzuyuzupo,nishixiang,BestOfKing,lol6408,ppyun,oHeyKong,Likewize,gujuwan,Cubone114,VMSpb,vily,IdeaAbstraction,TheElites,zanzarah,yeeeaaaaah,ZXTCXZ1994,ludo55,waki0801,Epi11,DjNawigator,herewe,Marcmon8,1nteam3,Lulooooo,Voodoooo,gaiagricola,s_r_f,srfqwq,john116116,Nushasmall,raco00on,king610160,baohcl,ThuPong,jelleL131,CocoVita,GilliamYeager,spy1998,Drado,KomaMaciej,damonkie,JoeTheSchumanity,Zajcu,wars487,Luigix,Smaug99,derekhuo,angry jay,alekhined,Free Person,frogcat,Venser777,gnsgalgla,ku0n0,ynzalter,1Tamm,feiyu3,c153190980,Karel001,Hitake,dbaumgarden,Joe Ganis,bigMacSlush,michalldz90,peanuts-p,KeMu3430,Victorique De Blois,SkyxE,KEPAANA,PrestierXi,EduAFC,CGN,vhcblade,antsax,yolo1986,nozawana0122,Delffu,Neon Nights,naurarice,RichieW,PetrSvoboda,xikx0112,TDawg_Tim,Lando87,Xinghai,Tokka,lee20807,23jeffox,Narcocat,marcopolo2,cysrabbit,Cei,ruibukedang,Movincornflakes,mzdlthree,tianxiaqingqi,himanno1,HealingAura,janlodin,LeonardoLiang,Mapkja,mikechike,wkimtanickname,trevorevol,Rho-droI,mackon,northgbf,Py6aka,DJYU,fuji_taku,DeathChain,Dejf_K,Rodwark13,ProfessorKutil,Lennur4ik,Timiot,Celebfin,zocor,santsuu,suga01,Bioblivion,ginger977,va2a,ChenMG,luckyh0000,The board is set,f8thegr8,justghosting,Rap_14,jimmy0326,Asura33,nomunomu0319,Moosecreature,DoppieDop,nobodyzzz,yen1800,Magicrock777,Littlerascal,Chopperu,667a,isenguard13,kmsmax,wangyogn,purple26,naturee,crazyfrenchy08,Oxazepam,a1279930,Vichi,luozim,firsttolast,KoronaSlimeFactory,Kay_Belove,pepealas,nuage celeste,Lugnut,callmebao,Sir Ebrum,ViGSmarty,yocc155,suzuki0606,ChatMax,Mystic Bloom,kevinldq2018,Kassyii,PucharKomainu,qiqi1204,Fredthelegend,robkni,TimeWasterG37,Knuteski,CRIS_SPIKE,PanagiotisB,Peater12,Loucifer6,Osstrinha,nagumo3,redcap,MrDekadente,Zirgon,tonyer2008,Mak34,lemortdejamort,siung0503,BlueLocks,tangche0630,jan7,JDan20,superfishy,Joel Sandström,ferka14,chuckerace,Sierra Whiskey,sporidion,Zaratustras,Gary7977,Panda_844,Galiquany,kehenba,MarkAmoroso,NamHaMa,Instragramm,omendiez,gradziosz,RainerWahnsinn,herbi1975,calzoneous,Ophion,billie_eyelash,smittnkittn,lwk2,AskimBenim,ndabelardo,SergPsih1000,sebola21,Chia_Ling,psy87,ju_ter,Timmetje1989,DonnieDarko3,apomene,jdawg874,Eagledust,Targia,TDN_dragons,meurice,jamfunky,DRELICH,sonsmom,Yéré77,JohnWycliffe,Natosa,Moon in Blood,Katerina2609,ZiPietro,pookle2,Yaros love,Rauling
PlayerELO,620.301076923077,466.52083832335325,128.7756445735417,833.79,823.68,785.32,783.35,735.48,725.68,724.52,723.3,715.45,715.04,714.57,712.01,708.84,698.41,693.08,688.89,687.44,683.07,670.01,664.27,654.5,654.33,652.42,651.56,647.82,640.96,637.01,634.68,633.84,633.25,632.82,629.53,627.35,626.22,623.64,623.28,622.69,620.24,618.23,614.8,614.14,613.31,612.42,610.62,610.21,610.18,609.36,608.45,605.27,604.37,601.52,601.44,600.96,599.91,599.78,598.84,598.23,598.1,598.06,597.76,593.88,592.63,592.03,590.93,590.68,590.67,589.04,585.94,585.18,582.22,576.22,574.14,573.69,569.75,567.79,564.56,564.48,563.74,562.66,562.36,559.69,557.86,556.51,555.27,554.83,554.44,553.48,552.93,551.85,551.46,551.04,550.23,549.67,548.73,548.26,547.69,542.49,540.42,539.68,538.5,537.69,537.08,535.54,535.45,533.59,532.77,531.79,530.75,529.82,529.17,528.65,527.89,527.61,524.96,524.93,523.15,522.03,521.91,521.72,521.24,521.1,520.98,516.0,513.46,511.57,509.97,509.28,508.24,507.45,507.13,506.35,505.65,503.34,502.01,501.65,500.58,499.41,499.37,498.88,498.86,498.19,497.23,496.34,495.56,495.55,494.89,492.0,491.79,488.02,487.39,485.69,485.08,484.93,480.2,479.78,479.73,479.3,479.19,478.39,478.39,476.32,476.32,472.83,471.13,469.39,466.02,465.61,465.57,465.52,465.08,464.72,463.95,461.39,460.89,458.41,457.34,454.27,450.61,449.78,448.42,447.19,446.9,446.62,446.39,446.02,445.93,444.67,444.52,443.36,440.71,439.22,437.95,437.03,435.96,432.73,431.69,429.6,428.32,428.28,428.06,427.59,425.83,425.08,424.89,424.13,422.93,421.88,419.97,418.73,418.56,417.58,417.36,414.22,411.48,411.07,410.92,410.85,410.59,410.04,408.62,407.8,403.27,403.05,403.02,398.03,397.66,395.96,395.62,393.99,392.47,390.38,389.76,389.37,388.03,387.15,384.48,384.48,384.31,384.04,383.81,382.81,381.47,379.64,378.16,377.7,375.95,375.22,374.11,373.27,371.69,371.04,368.48,367.22,366.01,365.56,364.69,361.61,361.42,360.06,356.42,354.66,353.29,351.45,349.95,347.84,347.03,343.33,341.71,338.45,336.62,336.48,335.09,333.73,333.19,332.78,329.85,328.98,328.06,326.96,325.1,323.92,323.88,319.57,318.34,317.51,317.49,315.13,315.11,314.75,313.14,312.86,311.02,309.48,309.13,307.65,307.39,306.88,305.93,305.48,302.87,302.75,298.42,297.21,295.91,294.49,294.47,293.2,291.68,291.32,290.48,287.52,286.66,285.16,283.67,283.21,280.13,279.29,276.68,275.69,272.68,268.17,265.24,253.76,251.74,250.88,233.26,229.24,224.84,224.5,216.49,196.68,169.2,146.88,125.55
3playerSnakegamesPlayed,91.27692307692308,92.22455089820359,19.840517185045208,100.0,100.0,29.0,100.0,49.0,92.0,100.0,38.0,100.0,40.0,100.0,100.0,100.0,100.0,217.0,100.0,100.0,100.0,100.0,100.0,100.0,33.0,77.0,100.0,100.0,100.0,100.0,100.0,100.0,100.0,100.0,84.0,100.0,100.0,100.0,100.0,100.0,100.0,100.0,83.0,100.0,77.0,100.0,100.0,100.0,100.0,61.0,73.0,32.0,100.0,60.0,100.0,40.0,100.0,100.0,100.0,100.0,100.0,100.0,100.0,100.0,100.0,100.0,100.0,100.0,100.0,100.0,53.0,100.0,100.0,100.0,100.0,74.0,100.0,100.0,100.0,100.0,100.0,100.0,100.0,100.0,100.0,69.0,100.0,100.0,100.0,100.0,28.0,100.0,100.0,100.0,100.0,100.0,100.0,100.0,100.0,100.0,100.0,32.0,100.0,100.0,100.0,100.0,100.0,100.0,48.0,100.0,46.0,100.0,100.0,62.0,47.0,100.0,93.0,100.0,100.0,100.0,92.0,99.0,100.0,100.0,100.0,100.0,37.0,64.0,100.0,100.0,100.0,100.0,100.0,100.0,100.0,36.0,100.0,100.0,100.0,100.0,100.0,100.0,100.0,100.0,100.0,90.0,100.0,100.0,100.0,76.0,100.0,33.0,100.0,41.0,100.0,100.0,100.0,100.0,100.0,59.0,100.0,100.0,100.0,100.0,100.0,52.0,100.0,100.0,65.0,100.0,100.0,88.0,100.0,100.0,100.0,100.0,100.0,100.0,100.0,100.0,100.0,100.0,100.0,74.0,100.0,100.0,100.0,69.0,100.0,100.0,100.0,100.0,100.0,100.0,100.0,100.0,100.0,100.0,100.0,100.0,100.0,100.0,100.0,100.0,100.0,100.0,100.0,100.0,100.0,100.0,100.0,100.0,100.0,100.0,100.0,100.0,100.0,100.0,75.0,57.0,100.0,100.0,100.0,48.0,100.0,100.0,100.0,69.0,100.0,100.0,100.0,100.0,100.0,100.0,100.0,100.0,67.0,100.0,100.0,41.0,100.0,100.0,100.0,100.0,78.0,100.0,100.0,100.0,100.0,100.0,100.0,100.0,100.0,100.0,100.0,72.0,100.0,100.0,100.0,100.0,100.0,100.0,100.0,100.0,51.0,100.0,41.0,100.0,100.0,100.0,98.0,100.0,100.0,100.0,100.0,100.0,100.0,52.0,100.0,100.0,100.0,100.0,100.0,75.0,59.0,39.0,100.0,100.0,57.0,100.0,100.0,100.0,100.0,100.0,100.0,95.0,100.0,27.0,88.0,46.0,100.0,100.0,100.0,100.0,74.0,100.0,100.0,100.0,100.0,100.0,100.0,100.0,100.0,100.0,100.0,37.0,100.0,38.0,100.0,100.0,51.0,100.0,45.0,100.0,100.0,30.0,100.0,81.0,100.0,100.0,100.0,100.0,100.0,100.0,100.0,100.0,100.0
AverageOppELO,345.68676923076924,341.8125149700599,56.50309088485175,401.99,249.64,336.52,396.2,171.3,239.18,365.85,288.03,375.18,349.52,566.73,429.94,404.97,307.36,287.38,365.21,345.7,341.2,374.62,391.0,380.73,331.27,324.26,318.61,340.9,357.79,366.5,323.55,260.34,379.8,336.72,353.39,346.83,581.37,363.77,357.76,382.34,356.61,525.17,291.14,390.97,348.2,337.76,364.21,540.0,371.13,282.39,284.93,360.88,375.16,359.9,353.31,317.09,283.68,358.83,416.01,315.42,262.19,362.34,325.35,380.19,380.13,357.49,273.28,349.76,342.51,263.34,266.36,356.37,355.2,371.91,364.18,334.75,268.37,384.9,308.03,355.56,266.42,406.32,312.24,273.08,306.92,368.88,365.07,573.94,357.13,393.49,179.17,422.2,359.4,268.1,363.58,351.45,396.3,375.6,417.99,345.63,363.29,340.14,359.14,328.53,275.6,347.28,340.01,340.67,314.86,385.61,277.11,339.01,585.64,361.93,348.4,329.39,330.93,347.47,319.16,363.46,362.87,351.12,336.03,447.58,365.22,361.45,370.07,175.16,331.25,334.64,503.63,364.35,370.81,304.79,381.17,275.39,355.21,352.44,368.55,351.91,342.24,358.62,563.99,341.21,375.05,338.67,360.0,250.73,363.3,357.27,314.7,373.41,378.36,334.22,257.6,370.62,359.8,330.8,323.2,328.83,272.04,357.57,362.4,385.22,306.12,353.33,359.66,449.67,350.61,317.07,361.39,333.2,454.36,470.07,307.59,446.82,357.31,262.16,245.52,377.67,404.1,348.24,437.68,272.46,323.47,353.94,374.41,342.2,259.98,356.67,346.73,355.23,329.29,362.93,350.19,361.32,326.49,284.15,315.27,476.83,392.14,347.04,341.25,358.14,375.1,345.76,331.17,357.54,356.05,340.21,241.35,332.17,288.9,356.79,335.29,328.85,351.22,495.4,275.85,321.59,298.76,341.66,336.83,341.51,340.23,349.94,322.02,255.66,268.45,344.01,256.93,358.61,294.17,359.38,337.44,347.64,306.08,307.93,373.11,321.3,354.66,348.88,312.08,386.57,290.9,337.07,389.66,315.99,366.51,260.36,348.33,331.51,359.9,349.85,278.44,338.62,277.7,318.94,331.24,358.72,360.26,359.42,346.41,317.58,379.95,337.35,324.99,352.98,260.29,388.55,338.84,319.09,332.82,341.59,343.17,344.06,247.55,300.19,349.62,274.64,361.63,323.57,377.88,349.55,228.72,275.32,219.76,363.84,305.91,324.63,337.5,373.1,369.37,271.15,346.94,336.48,349.68,231.79,247.09,324.62,259.56,358.32,303.24,353.05,308.42,299.06,269.43,303.75,342.65,359.27,362.51,308.68,311.47,317.31,336.86,300.13,346.92,286.67,340.73,372.45,289.05,327.16,306.18,356.32,344.18,283.98,292.75,365.85,359.18,329.64,232.85,344.12,340.32,365.76,338.97,280.58,354.12
FirstPlaceFreq,0.6884615384615385,0.48035928143712575,0.15919803602229515,0.62,0.94,0.9,0.83,0.78,0.92,0.65,0.74,0.58,0.82,0.46,0.62,0.64,0.82,0.7,0.73,0.77,0.53,0.67,0.66,0.59,0.88,0.68,0.74,0.6,0.71,0.52,0.75,0.82,0.64,0.74,0.58,0.53,0.45,0.61,0.6,0.53,0.6,0.47,0.77,0.59,0.55,0.71,0.7,0.43,0.59,0.77,0.74,0.66,0.58,0.38,0.66,0.57,0.69,0.58,0.53,0.62,0.71,0.69,0.67,0.54,0.64,0.52,0.76,0.55,0.64,0.74,0.7,0.49,0.62,0.63,0.6,0.53,0.77,0.57,0.69,0.61,0.69,0.42,0.65,0.71,0.7,0.46,0.56,0.39,0.49,0.55,0.46,0.51,0.62,0.71,0.69,0.62,0.56,0.49,0.64,0.52,0.63,0.56,0.51,0.62,0.78,0.49,0.56,0.59,0.62,0.48,0.76,0.67,0.3,0.42,0.51,0.64,0.53,0.5,0.63,0.56,0.57,0.48,0.63,0.42,0.57,0.59,0.57,0.56,0.47,0.31,0.37,0.57,0.6,0.54,0.42,0.69,0.53,0.47,0.5,0.46,0.59,0.54,0.25,0.51,0.32,0.27,0.51,0.69,0.48,0.46,0.52,0.36,0.41,0.44,0.63,0.5,0.49,0.55,0.58,0.63,0.67,0.49,0.44,0.44,0.57,0.4,0.49,0.41,0.51,0.69,0.45,0.43,0.4,0.33,0.37,0.48,0.31,0.57,0.61,0.43,0.41,0.32,0.39,0.51,0.52,0.4,0.43,0.43,0.56,0.42,0.48,0.47,0.55,0.5,0.32,0.52,0.51,0.49,0.53,0.33,0.37,0.45,0.38,0.36,0.45,0.41,0.43,0.4,0.44,0.39,0.61,0.25,0.51,0.35,0.38,0.37,0.43,0.32,0.43,0.49,0.54,0.39,0.27,0.4,0.35,0.4,0.4,0.32,0.74,0.43,0.55,0.33,0.5,0.31,0.33,0.38,0.36,0.4,0.58,0.34,0.21,0.47,0.46,0.55,0.56,0.41,0.44,0.51,0.45,0.45,0.36,0.41,0.33,0.31,0.33,0.4,0.39,0.42,0.37,0.27,0.27,0.35,0.49,0.39,0.37,0.3,0.41,0.28,0.5,0.33,0.35,0.41,0.35,0.31,0.28,0.17,0.44,0.31,0.43,0.39,0.3,0.34,0.33,0.31,0.41,0.28,0.45,0.37,0.3,0.42,0.36,0.17,0.25,0.38,0.28,0.23,0.31,0.63,0.45,0.3,0.47,0.23,0.23,0.21,0.28,0.35,0.35,0.3,0.28,0.26,0.26,0.13,0.4,0.28,0.27,0.38,0.29,0.29,0.24,0.25,0.41,0.21,0.33,0.24,0.19,0.37,0.45,0.21,0.2,0.33,0.36,0.17,0.19,0.17,0.19,0.3,0.09
SecondPlaceFreq,0.22815384615384615,0.31479041916167666,0.07698397573875031,0.23,0.06,0.1,0.15,0.16,0.07,0.26,0.16,0.31,0.12,0.26,0.31,0.28,0.13,0.24,0.21,0.2,0.29,0.22,0.27,0.31,0.12,0.3,0.15,0.26,0.22,0.3,0.17,0.14,0.25,0.2,0.35,0.33,0.27,0.3,0.31,0.3,0.32,0.27,0.18,0.27,0.27,0.18,0.22,0.36,0.25,0.21,0.22,0.22,0.24,0.47,0.23,0.25,0.25,0.29,0.27,0.27,0.25,0.21,0.23,0.29,0.28,0.25,0.24,0.37,0.29,0.2,0.25,0.25,0.28,0.25,0.28,0.35,0.15,0.29,0.25,0.32,0.2,0.32,0.21,0.26,0.22,0.42,0.24,0.31,0.35,0.35,0.32,0.31,0.31,0.23,0.2,0.29,0.26,0.41,0.26,0.26,0.25,0.28,0.35,0.2,0.16,0.33,0.36,0.3,0.23,0.33,0.17,0.23,0.38,0.48,0.28,0.19,0.34,0.36,0.29,0.3,0.3,0.34,0.24,0.35,0.29,0.26,0.32,0.33,0.38,0.41,0.4,0.34,0.26,0.33,0.35,0.25,0.35,0.31,0.34,0.35,0.25,0.3,0.35,0.33,0.46,0.29,0.27,0.2,0.32,0.36,0.34,0.45,0.33,0.29,0.27,0.31,0.4,0.28,0.31,0.22,0.22,0.37,0.35,0.33,0.26,0.19,0.31,0.29,0.31,0.24,0.35,0.41,0.32,0.37,0.4,0.37,0.37,0.35,0.27,0.32,0.34,0.33,0.43,0.39,0.33,0.38,0.36,0.32,0.32,0.39,0.31,0.29,0.32,0.34,0.35,0.31,0.36,0.34,0.24,0.35,0.36,0.22,0.36,0.36,0.32,0.4,0.26,0.35,0.4,0.4,0.2,0.32,0.27,0.41,0.37,0.38,0.38,0.3,0.32,0.37,0.28,0.38,0.43,0.48,0.38,0.37,0.27,0.46,0.24,0.34,0.33,0.44,0.33,0.47,0.43,0.27,0.34,0.41,0.28,0.44,0.35,0.29,0.33,0.32,0.26,0.34,0.33,0.27,0.36,0.39,0.31,0.31,0.29,0.36,0.48,0.26,0.34,0.32,0.34,0.31,0.31,0.42,0.29,0.32,0.31,0.39,0.34,0.39,0.42,0.38,0.35,0.4,0.35,0.39,0.45,0.35,0.3,0.29,0.32,0.41,0.41,0.34,0.45,0.31,0.34,0.31,0.36,0.28,0.42,0.35,0.34,0.43,0.36,0.37,0.38,0.46,0.39,0.11,0.31,0.37,0.34,0.33,0.39,0.4,0.42,0.43,0.35,0.35,0.42,0.35,0.41,0.4,0.34,0.27,0.4,0.35,0.29,0.53,0.43,0.41,0.39,0.42,0.44,0.36,0.39,0.3,0.37,0.38,0.29,0.39,0.3,0.44,0.35,0.31,0.35,0.38,0.32
ThirdPlaceFreq,0.08353846153846153,0.20467065868263473,0.11099216448895487,0.15,0.0,0.0,0.02,0.06,0.01,0.09,0.11,0.11,0.05,0.28,0.07,0.08,0.05,0.06,0.06,0.03,0.18,0.11,0.07,0.1,0.0,0.03,0.11,0.14,0.07,0.18,0.08,0.04,0.11,0.06,0.07,0.14,0.28,0.09,0.09,0.17,0.08,0.26,0.05,0.14,0.18,0.11,0.08,0.21,0.16,0.02,0.04,0.12,0.18,0.15,0.11,0.17,0.06,0.13,0.2,0.11,0.04,0.1,0.1,0.17,0.08,0.23,0.0,0.08,0.07,0.06,0.06,0.26,0.1,0.12,0.12,0.12,0.08,0.14,0.06,0.07,0.11,0.26,0.14,0.03,0.08,0.12,0.2,0.3,0.16,0.1,0.21,0.18,0.07,0.06,0.11,0.09,0.18,0.1,0.1,0.22,0.12,0.16,0.14,0.18,0.06,0.18,0.08,0.11,0.15,0.19,0.07,0.1,0.32,0.1,0.21,0.17,0.13,0.14,0.08,0.14,0.13,0.17,0.13,0.23,0.14,0.15,0.11,0.11,0.15,0.28,0.23,0.09,0.14,0.13,0.23,0.06,0.12,0.22,0.16,0.19,0.16,0.16,0.4,0.16,0.22,0.44,0.22,0.11,0.2,0.18,0.14,0.18,0.26,0.27,0.1,0.19,0.11,0.17,0.11,0.15,0.11,0.14,0.21,0.23,0.17,0.4,0.2,0.3,0.18,0.07,0.2,0.16,0.28,0.3,0.23,0.15,0.32,0.08,0.12,0.25,0.25,0.35,0.18,0.09,0.15,0.22,0.21,0.25,0.12,0.19,0.21,0.24,0.13,0.16,0.33,0.17,0.13,0.17,0.23,0.32,0.27,0.33,0.26,0.28,0.23,0.19,0.31,0.25,0.16,0.21,0.19,0.43,0.22,0.24,0.25,0.25,0.19,0.38,0.25,0.14,0.18,0.23,0.3,0.12,0.27,0.23,0.33,0.22,0.02,0.23,0.12,0.23,0.17,0.22,0.24,0.35,0.3,0.19,0.14,0.22,0.44,0.24,0.21,0.13,0.18,0.25,0.23,0.22,0.19,0.16,0.33,0.28,0.38,0.33,0.19,0.33,0.27,0.26,0.29,0.42,0.42,0.23,0.22,0.29,0.31,0.31,0.24,0.33,0.08,0.29,0.31,0.19,0.3,0.3,0.27,0.48,0.26,0.4,0.25,0.2,0.29,0.32,0.22,0.39,0.25,0.41,0.19,0.35,0.28,0.23,0.3,0.4,0.39,0.25,0.34,0.31,0.3,0.26,0.24,0.33,0.19,0.44,0.38,0.39,0.3,0.22,0.3,0.35,0.3,0.39,0.33,0.47,0.26,0.45,0.33,0.27,0.42,0.18,0.33,0.34,0.2,0.37,0.22,0.4,0.42,0.33,0.18,0.41,0.51,0.28,0.34,0.39,0.46,0.52,0.46,0.32,0.59
score-research,34.68692307692308,33.01062874251497,1.8266046612446538,33.54,35.32,35.66,35.74,34.84,37.15,35.4,35.76,34.73,35.9,34.72,35.31,34.19,35.45,34.19,34.64,35.3,34.51,33.78,34.17,32.95,36.0,35.77,34.81,34.65,35.31,34.04,33.55,35.27,35.85,36.04,33.32,33.89,32.97,34.61,33.79,32.74,34.4,33.3,36.08,32.57,34.65,35.15,33.95,32.24,34.05,35.97,34.71,33.06,35.1,32.27,35.72,34.65,33.98,34.8,33.93,33.5,33.56,36.06,34.86,35.14,34.91,32.7,33.57,33.92,35.29,32.98,30.47,32.19,33.54,33.0,34.66,33.22,34.67,34.18,35.2,34.47,31.72,33.11,34.62,35.41,33.81,33.64,35.79,34.44,33.33,34.31,31.04,35.34,34.29,34.11,34.6,33.7,32.99,34.41,34.56,33.17,34.74,34.06,33.8,32.2,33.91,33.16,34.24,31.66,33.08,35.25,34.96,34.13,32.97,34.08,30.91,34.31,33.97,32.82,33.81,34.02,34.2,34.15,35.36,33.5,34.27,34.67,34.19,30.44,33.61,32.23,33.3,33.68,32.71,33.64,34.07,34.75,34.93,34.46,33.03,34.35,33.29,33.6,32.53,31.9,34.48,29.61,34.66,33.83,34.41,33.99,34.04,33.85,34.04,33.76,32.96,33.08,34.87,33.29,33.01,34.53,34.32,34.27,32.92,33.17,33.19,32.37,32.66,32.37,34.06,35.88,31.69,32.4,32.13,34.78,33.25,33.61,31.62,32.04,34.41,34.09,32.65,33.31,34.15,33.61,34.54,32.34,32.44,31.35,34.95,33.42,31.22,33.64,35.15,33.03,30.23,34.99,33.66,30.13,31.66,33.32,32.72,33.29,29.95,29.97,32.55,30.21,28.81,33.33,33.26,31.89,33.17,30.74,33.73,33.19,33.25,31.47,32.56,33.36,33.53,34.54,34.07,34.38,29.74,33.46,34.09,33.41,32.06,31.32,34.68,31.27,34.34,34.56,33.71,33.49,33.98,31.42,32.78,34.01,33.94,32.61,33.44,33.88,33.77,35.93,30.54,30.81,29.93,32.49,33.16,27.95,31.86,34.31,30.23,31.12,34.15,34.92,30.59,32.48,27.56,31.41,33.38,32.3,34.33,31.64,34.29,29.83,33.76,29.68,29.41,31.96,30.5,33.78,33.07,32.42,30.76,30.04,29.7,29.94,32.65,33.2,30.5,32.39,32.74,31.88,30.64,30.77,31.15,32.62,31.12,33.29,30.92,32.07,30.61,33.53,30.93,30.61,31.94,30.96,31.64,29.61,32.34,31.23,32.07,28.33,28.27,34.05,33.16,31.59,31.06,30.27,31.67,31.32,33.77,28.72,29.78,33.46,30.52,31.42,33.77,26.61,31.33,30.95,29.51,32.86,29.01,29.77,32.84,30.46,31.91,32.7,29.04,29.65,29.12,30.05,30.52,28.93,28.27
score-temple,6.493384615384615,4.788862275449102,1.7160230295750825,6.52,6.7,6.34,8.16,7.55,11.95,6.63,7.26,7.02,6.62,5.46,7.83,6.71,7.74,4.23,7.41,5.36,4.11,6.42,6.48,4.53,8.73,6.43,6.02,4.85,7.87,4.64,6.92,6.19,8.96,8.25,8.19,4.36,5.39,5.14,5.32,4.42,4.42,6.56,6.05,5.54,5.48,6.15,7.22,3.96,3.79,6.39,4.22,5.84,5.68,6.6,6.26,5.3,4.0,6.16,4.8,4.44,7.06,5.91,6.94,5.11,6.09,4.99,8.06,4.93,5.2,10.22,11.4,5.4,4.26,4.51,4.66,7.15,5.38,5.12,6.7,5.5,3.93,2.26,7.05,6.29,7.2,6.78,8.61,3.81,4.26,4.83,3.04,7.04,3.84,4.57,7.84,5.22,3.52,4.34,3.93,3.83,8.29,5.16,5.45,6.18,5.3,5.02,6.01,5.89,7.46,7.58,6.0,5.45,4.41,3.31,5.45,5.88,3.96,4.47,9.29,4.74,8.72,4.38,6.4,3.75,5.31,5.48,5.84,6.06,3.65,4.57,4.58,5.44,6.14,5.08,4.42,5.67,4.39,3.92,3.39,5.3,5.22,7.16,3.68,3.66,2.01,5.52,3.72,5.12,4.67,4.91,6.01,6.24,2.78,4.22,4.28,3.47,6.89,3.92,4.07,6.0,7.51,4.49,4.53,2.72,2.76,4.42,4.01,7.17,3.75,7.71,5.94,5.38,4.78,4.66,3.97,4.85,3.97,4.29,5.32,4.59,3.16,3.98,3.03,5.22,5.38,4.21,3.61,3.51,7.77,3.69,3.34,6.02,6.55,5.2,3.53,5.36,6.94,2.3,3.34,6.29,4.07,2.95,3.73,2.6,3.45,3.88,4.67,4.46,2.53,4.46,4.62,3.2,3.7,3.22,4.06,2.35,2.88,2.98,6.55,6.33,4.85,4.63,2.67,5.31,4.48,4.94,3.5,3.2,7.72,3.29,5.64,4.45,3.86,2.84,5.32,3.91,4.66,3.32,5.99,6.59,3.75,4.81,4.79,5.63,3.09,6.27,5.0,4.14,8.12,2.64,5.83,5.57,3.93,2.99,5.6,6.28,3.12,3.88,1.49,2.3,3.7,4.13,5.75,3.45,6.86,3.45,4.22,2.09,2.13,2.82,2.88,3.66,4.33,2.91,5.35,3.3,1.61,4.63,3.73,2.38,3.49,2.48,2.04,5.35,3.54,4.67,2.62,2.91,2.68,3.91,2.7,2.8,2.75,3.79,3.29,2.61,3.33,4.59,3.89,2.96,4.63,3.22,4.21,4.93,4.7,3.75,3.04,2.85,3.59,2.67,3.57,2.11,5.24,2.39,2.64,5.68,2.01,3.92,3.85,1.49,3.25,2.27,2.8,3.01,1.37,3.0,4.85,2.47,2.93,4.5,3.49,2.71,1.82,2.82,2.4,5.97,3.52
score-cards,13.324769230769231,12.102934131736527,1.5197600614231812,13.53,14.63,17.86,16.6,14.78,12.75,13.32,10.92,11.97,11.85,11.31,10.45,12.49,13.03,12.83,15.91,15.6,11.34,13.74,13.31,13.21,14.18,12.12,13.22,13.25,14.11,12.9,17.98,12.84,11.35,12.55,11.65,12.51,12.72,13.9,12.59,11.97,13.67,11.83,12.12,12.32,13.18,13.28,12.11,13.02,12.53,12.03,12.45,15.53,13.04,11.02,14.3,11.28,13.09,12.3,12.4,12.89,13.94,12.73,14.62,12.7,12.52,12.3,12.31,11.58,13.5,10.27,10.85,12.31,14.97,13.29,12.19,11.97,12.56,12.33,13.43,13.1,12.15,11.5,12.49,15.23,14.41,12.06,10.43,10.9,14.31,12.17,11.36,11.08,14.47,11.94,13.96,17.0,12.6,12.01,13.13,14.43,11.78,12.72,10.78,12.77,13.17,13.98,13.07,14.2,11.96,11.37,13.2,12.58,11.63,11.53,12.28,13.92,10.81,11.88,11.82,11.33,13.74,12.05,13.76,10.31,11.46,11.55,11.54,10.88,12.19,12.02,12.4,11.69,13.02,14.34,11.27,10.75,11.98,11.86,15.24,11.12,12.77,12.71,11.07,10.69,11.15,10.09,9.82,13.63,10.86,10.32,10.01,11.76,12.11,10.73,12.01,12.48,13.08,8.49,13.42,9.34,12.48,9.94,11.49,13.32,11.66,13.23,11.05,11.44,13.02,11.4,12.09,12.53,11.73,12.31,11.98,12.37,13.25,13.38,13.41,12.98,12.23,11.36,10.47,12.99,12.06,11.28,12.08,10.93,11.52,12.01,14.46,12.15,10.69,10.24,13.15,10.39,11.77,11.61,10.65,10.16,14.54,13.09,11.69,11.3,15.64,14.69,12.96,13.52,12.46,11.48,11.42,11.09,10.86,8.86,11.03,11.74,12.64,11.1,8.44,13.33,12.8,13.18,12.03,13.38,11.33,13.61,12.51,13.0,14.69,12.81,10.45,11.8,12.71,10.56,12.1,11.18,9.1,9.88,11.62,12.66,11.99,12.31,12.17,12.34,11.4,11.6,14.27,12.47,13.94,12.84,10.93,10.1,12.86,12.32,8.59,8.31,12.94,12.22,11.49,12.12,10.53,12.16,10.55,12.25,11.29,13.39,12.49,13.09,13.96,12.25,12.04,11.23,12.01,11.64,13.97,9.55,12.1,12.65,12.4,10.03,11.61,12.26,13.67,8.8,9.68,10.62,11.3,10.27,12.4,9.67,8.46,10.34,10.09,11.24,12.98,12.28,10.96,11.15,12.88,13.04,9.83,11.29,12.34,11.94,10.86,9.7,12.29,10.93,12.49,9.96,9.49,9.25,11.1,10.44,9.13,8.92,11.7,12.13,10.55,11.91,12.78,12.57,10.58,9.33,10.16,12.0,10.73,8.8,9.46,11.47,9.9,11.51,14.1,11.6,10.1,12.92,13.84
score-item,6.988153846153846,6.660239520958084,0.8391994985182506,7.35,7.77,7.93,8.93,7.88,6.32,7.11,6.29,5.94,6.4,6.81,5.78,5.86,7.62,7.29,7.75,7.0,5.84,7.69,6.53,7.3,6.55,6.47,6.84,6.58,7.33,6.84,9.24,6.94,5.65,6.37,6.87,6.65,6.17,7.56,6.27,6.54,7.28,5.21,6.76,6.73,7.36,6.58,6.15,6.83,6.58,6.15,6.51,7.47,5.89,5.65,7.65,5.85,7.16,6.55,6.61,7.04,6.35,6.6,7.52,6.83,6.91,6.51,6.07,6.02,6.99,6.08,7.21,6.99,8.26,7.67,6.35,6.89,7.01,7.43,7.49,6.54,7.33,5.81,6.61,8.27,7.46,7.19,5.88,5.69,7.13,6.17,6.46,5.62,8.12,6.69,7.44,8.15,6.49,6.29,6.89,7.81,5.38,6.75,5.93,7.11,7.79,7.06,6.91,7.28,7.08,6.78,7.15,7.19,5.83,6.45,6.47,7.13,6.74,6.84,5.81,5.66,7.43,6.9,7.53,5.4,5.17,6.32,6.76,6.42,6.12,6.59,7.05,6.59,7.14,8.11,6.0,5.22,6.34,6.1,7.85,5.52,7.42,7.24,5.87,6.07,5.62,6.36,5.41,7.17,5.77,5.93,5.71,7.52,6.46,5.76,7.09,6.19,7.14,4.42,7.22,6.12,6.58,5.1,5.4,6.54,5.83,7.87,5.97,5.79,6.18,6.1,6.62,6.97,6.09,6.85,6.49,7.1,6.91,8.39,7.47,6.81,6.14,6.33,6.25,6.93,6.83,6.03,6.6,6.59,6.31,6.44,7.12,5.93,5.72,6.08,7.91,5.81,7.56,7.22,5.53,5.75,7.48,6.3,7.32,5.55,8.55,8.69,7.49,8.76,6.75,6.35,6.66,5.44,6.54,4.73,5.81,6.8,7.01,6.44,4.89,7.58,7.99,7.26,5.87,7.23,6.96,6.24,6.2,8.04,8.3,7.35,5.97,6.35,6.32,5.47,6.33,6.06,6.15,5.71,6.73,7.9,6.87,6.03,7.24,7.1,6.4,6.2,9.56,7.22,7.28,7.28,5.93,6.2,8.31,6.6,4.78,4.29,7.51,7.27,7.07,6.8,6.12,6.59,5.45,7.27,6.51,7.11,7.1,7.21,8.19,6.22,6.78,6.9,6.38,6.87,8.07,5.91,7.18,8.0,6.31,5.92,7.09,6.41,7.25,5.25,5.88,7.13,6.64,5.24,7.81,5.21,5.03,5.84,5.7,6.36,6.89,6.79,6.4,6.81,7.38,7.37,6.11,6.96,6.35,7.2,7.2,6.17,7.36,6.06,7.46,5.77,5.0,5.83,6.37,6.37,5.38,5.22,6.6,7.66,6.26,6.48,7.41,7.89,6.67,5.28,5.81,7.57,5.55,5.7,5.36,5.82,5.99,6.43,7.84,6.65,5.99,7.72,8.93
score-art,6.336769230769231,5.4426047904191615,1.0070147865236554,6.18,6.86,9.93,7.67,6.9,6.43,6.21,4.63,6.03,5.45,4.5,4.67,6.63,5.41,5.53,8.16,8.6,5.5,6.05,6.78,5.91,7.64,5.65,6.38,6.67,6.78,6.06,8.74,5.9,5.7,6.18,4.79,5.86,6.55,6.34,6.32,5.43,6.39,6.62,5.36,5.59,5.82,6.7,5.96,6.19,5.95,5.89,5.95,8.06,7.15,5.37,6.65,5.42,5.93,5.75,5.79,5.85,7.59,6.13,7.1,5.87,5.61,5.79,6.24,5.56,6.51,4.19,3.64,5.32,6.71,5.62,5.84,5.08,5.55,4.9,5.94,6.56,4.82,5.69,5.88,6.96,6.95,4.87,4.55,5.21,7.18,6.0,4.89,5.46,6.35,5.25,6.52,8.85,6.11,5.72,6.24,6.62,6.4,5.97,4.85,5.66,5.38,6.92,6.16,6.92,4.88,4.59,6.04,5.39,5.8,5.08,5.81,6.79,4.06,5.04,6.01,5.67,6.3,5.15,6.23,4.91,6.29,5.23,4.78,4.45,6.07,5.43,5.35,5.1,5.88,6.23,5.27,5.53,5.64,5.76,7.39,5.6,5.35,5.47,5.2,4.62,5.53,3.73,4.41,6.46,5.09,4.38,4.3,4.24,5.65,4.98,4.92,6.29,5.94,4.07,6.2,3.22,5.9,4.84,6.09,6.78,5.83,5.37,5.08,5.65,6.83,5.3,5.47,5.57,5.64,5.46,5.49,5.27,6.34,4.99,5.94,6.17,6.09,5.03,4.22,6.05,5.23,5.25,5.48,4.33,5.21,5.57,7.34,6.22,4.97,4.16,5.24,4.58,4.21,4.39,5.12,4.41,7.06,6.79,4.37,5.75,7.09,6.0,5.47,4.76,5.71,5.13,4.76,5.65,4.32,4.13,5.22,4.94,5.63,4.66,3.55,5.75,4.81,5.92,6.16,6.15,4.37,7.37,6.31,4.96,6.39,5.46,4.48,5.45,6.39,5.09,5.77,5.12,2.96,4.17,4.89,4.76,5.12,6.28,4.93,5.24,5.0,5.4,4.71,5.25,6.66,5.56,5.0,3.9,4.55,5.72,3.81,4.01,5.43,4.95,4.42,5.32,4.41,5.57,5.1,4.98,4.78,6.28,5.39,5.88,5.77,6.03,5.27,4.33,5.63,4.77,5.9,3.64,4.92,4.65,6.09,4.11,4.52,5.85,6.42,3.55,3.8,3.49,4.66,5.03,4.6,4.46,3.43,4.5,4.39,4.88,6.09,5.49,4.56,4.33,5.5,5.67,3.72,4.33,5.99,4.74,3.66,3.53,4.93,4.87,5.03,4.19,4.49,3.42,4.73,4.07,3.75,3.7,5.1,4.47,4.29,5.43,5.37,4.68,3.91,4.05,4.35,4.43,5.18,3.1,4.1,5.65,3.91,5.08,6.26,4.95,4.11,5.2,4.91
score-fear,-2.0073846153846153,-2.250269461077844,0.5364427257811896,-2.11,-1.43,-0.97,-1.81,-2.59,-2.67,-1.86,-2.37,-1.71,-1.8,-2.06,-2.27,-1.48,-1.96,-2.06,-2.01,-1.26,-2.65,-1.92,-1.04,-1.85,-2.91,-2.14,-2.01,-2.12,-1.84,-2.26,-1.28,-2.3,-3.43,-2.56,-2.58,-2.46,-1.77,-2.18,-2.47,-1.62,-2.2,-1.61,-2.49,-2.83,-1.88,-2.45,-2.16,-1.97,-2.38,-2.41,-2.14,-2.28,-1.84,-3.22,-2.05,-2.17,-1.98,-1.12,-2.0,-2.25,-0.96,-2.48,-1.62,-2.24,-1.93,-1.92,-1.62,-1.78,-1.97,-2.71,-2.43,-1.88,-1.64,-2.0,-1.81,-2.3,-2.17,-2.05,-1.3,-1.5,-3.15,-2.42,-1.88,-2.16,-2.06,-2.19,-3.26,-3.04,-2.45,-1.25,-2.89,-2.99,-1.59,-1.8,-2.09,-2.17,-1.52,-2.81,-1.53,-1.77,-1.83,-2.88,-2.44,-1.85,-2.04,-1.66,-1.97,-1.18,-1.77,-2.5,-2.5,-1.96,-1.95,-2.31,-1.98,-2.62,-2.3,-2.37,-2.05,-1.41,-1.54,-2.8,-1.84,-3.01,-2.28,-2.17,-2.62,-1.56,-2.83,-2.84,-2.42,-1.94,-2.2,-2.24,-1.97,-2.14,-1.62,-2.53,-3.02,-2.0,-1.93,-2.42,-1.98,-2.56,-2.75,-2.33,-2.01,-2.83,-1.83,-2.43,-2.67,-2.39,-1.84,-1.9,-2.16,-2.98,-2.26,-2.47,-3.03,-1.85,-2.05,-2.02,-2.43,-2.6,-3.07,-2.6,-1.78,-3.79,-2.75,-1.84,-2.0,-1.82,-3.2,-3.29,-2.54,-2.36,-2.69,-1.86,-2.83,-2.65,-3.08,-1.55,-2.2,-2.31,-2.85,-2.5,-2.65,-2.35,-2.36,-2.0,-2.38,-2.5,-2.35,-2.27,-2.1,-1.99,-1.77,-2.29,-2.06,-3.58,-2.5,-2.22,-2.26,-2.35,-2.65,-2.55,-1.44,-3.06,-1.41,-1.96,-2.76,-2.14,-2.1,-1.42,-2.69,-1.99,-2.41,-2.33,-1.71,-2.65,-3.15,-4.14,-2.36,-3.46,-2.27,-2.58,-3.02,-1.67,-2.58,-1.52,-1.37,-1.98,-2.81,-2.73,-1.33,-2.45,-1.75,-2.2,-2.71,-2.27,-3.36,-0.98,-2.72,-1.52,-2.13,-1.65,-0.69,-3.13,-2.02,-2.24,-3.79,-2.86,-1.99,-2.97,-2.74,-3.0,-1.3,-1.75,-1.89,-2.13,-2.87,-2.8,-2.64,-2.57,-1.84,-2.34,-2.17,-2.59,-2.11,-2.09,-2.86,-2.24,-2.99,-2.52,-2.07,-2.28,-1.74,-2.06,-2.36,-2.32,-2.09,-3.34,-2.26,-1.48,-2.44,-2.08,-2.16,-2.66,-1.72,-2.41,-1.61,-3.07,-2.51,-2.13,-2.1,-2.27,-1.96,-1.63,-2.19,-1.74,-2.92,-2.81,-2.14,-1.64,-2.55,-1.52,-3.51,-3.37,-3.35,-2.62,-2.4,-2.44,-3.29,-3.0,-1.84,-3.03,-1.6,-2.0,-2.72,-1.89,-2.18,-1.98,-2.09,-2.19,-2.09,-2.27,-2.55,-2.64,-2.56,-2.6,-1.66,-1.69,-3.08,-2.76,-2.46,-1.59,-1.8
score-idols,14.179846153846155,13.937155688622756,0.6750682267914838,13.57,16.86,13.79,13.7,14.02,13.43,14.15,12.95,13.55,14.32,12.98,13.75,14.94,14.0,13.83,13.64,14.01,14.32,15.63,14.7,14.36,15.09,14.17,13.64,14.03,13.98,14.03,13.38,14.3,13.7,14.0,13.21,13.75,13.73,13.49,14.28,14.16,14.31,14.42,13.95,14.59,14.1,13.73,14.5,14.17,14.03,13.97,14.27,14.0,14.6,13.55,14.26,13.68,15.0,13.51,14.12,13.61,13.16,14.47,13.46,14.36,15.64,13.88,15.1,15.56,14.85,15.28,14.13,13.37,13.75,14.21,14.44,13.81,14.43,14.1,13.96,13.98,15.25,14.38,13.9,12.68,14.11,12.91,13.42,13.57,14.03,14.64,14.54,13.81,13.52,14.8,13.81,13.11,14.16,14.54,15.14,13.27,13.85,13.94,13.86,14.25,15.52,14.14,13.65,14.29,13.42,13.18,14.61,14.23,13.53,15.32,12.96,13.09,14.24,14.72,13.41,14.39,13.6,13.72,14.32,14.14,13.57,14.35,14.51,13.98,14.3,14.35,13.62,14.44,13.85,13.33,13.46,13.0,14.46,13.8,14.24,13.68,13.73,14.76,13.37,14.6,14.38,14.23,14.89,13.81,14.61,12.91,14.82,12.61,14.18,13.12,14.36,14.79,13.67,15.36,14.23,15.31,13.56,14.34,13.77,13.84,15.31,13.4,13.74,13.45,13.63,13.7,13.62,13.94,14.21,12.83,12.93,14.05,13.63,14.13,14.3,13.28,14.18,13.08,14.48,13.84,13.36,14.46,14.37,15.16,13.24,13.58,14.14,13.41,14.72,14.93,13.48,13.51,13.35,14.38,16.07,13.17,12.92,13.7,14.68,13.78,13.91,13.39,14.23,13.24,13.84,13.67,13.97,13.84,13.54,13.62,13.62,13.95,15.25,14.66,14.43,13.35,13.83,13.79,14.18,14.04,13.26,13.15,14.9,13.59,14.7,15.34,12.92,14.02,14.02,14.33,13.25,13.46,13.01,13.53,14.22,13.02,13.21,13.05,13.86,13.98,14.36,14.33,12.84,13.77,12.69,15.55,14.35,13.41,14.71,13.01,13.96,12.83,13.37,13.48,14.34,13.65,12.8,13.4,14.05,13.36,12.78,13.92,12.68,14.0,14.92,13.92,14.4,14.18,13.32,13.85,13.56,13.37,15.84,12.79,13.26,15.93,13.68,12.89,13.42,13.67,13.64,13.72,13.89,14.03,13.89,14.54,14.75,14.14,13.63,13.16,13.84,14.26,13.45,13.63,12.77,12.33,13.95,13.79,12.72,14.87,14.22,14.04,13.0,14.55,14.5,13.88,13.69,13.19,13.01,13.93,14.57,13.22,14.04,12.82,13.17,15.32,13.8,13.06,14.09,14.1,14.94,13.7,14.0,13.42,14.07,13.26,13.42,13.79,13.38,13.46,14.01,13.39,13.11
score-guardians,18.04523076923077,17.39943113772455,1.7228691342647895,17.35,20.25,18.79,17.75,17.65,17.99,16.65,17.5,17.05,19.25,17.15,17.45,16.5,17.75,19.65,17.7,19.25,19.55,19.25,18.1,19.45,16.06,17.6,17.95,17.15,16.45,18.55,16.8,18.95,16.25,18.5,17.68,19.6,15.9,18.45,18.9,18.7,18.6,15.65,18.49,18.5,16.3,18.9,18.4,18.3,18.95,18.44,19.59,17.97,15.15,18.08,18.1,17.38,19.7,17.65,16.35,18.8,18.0,18.75,16.15,16.55,18.4,19.9,17.7,17.85,16.85,16.95,16.89,17.2,18.7,20.4,19.25,15.41,18.4,18.6,19.4,18.65,20.2,17.95,16.35,16.05,18.05,16.88,16.8,17.7,17.0,19.0,17.86,15.7,19.65,19.65,16.65,16.95,18.75,18.65,19.35,18.1,17.35,16.41,17.0,17.6,20.65,19.05,17.45,15.8,17.4,15.4,17.72,19.45,17.15,18.55,16.28,17.15,19.09,19.8,15.2,19.7,14.84,17.37,17.55,18.7,18.85,19.75,19.05,17.58,19.45,15.95,17.55,20.15,19.35,15.25,17.45,18.47,18.6,18.0,18.75,16.95,20.15,14.7,18.1,20.7,17.85,14.67,19.0,17.8,18.05,18.29,18.3,14.85,17.85,18.54,17.7,19.35,16.4,19.65,18.15,18.73,16.3,19.15,17.9,18.05,19.0,15.77,19.4,15.05,18.08,17.8,17.3,17.5,16.9,13.9,15.15,18.0,17.95,17.95,16.75,17.4,19.15,15.95,18.75,16.08,17.45,18.65,18.6,19.2,15.7,18.05,19.9,14.65,17.65,19.6,16.15,18.2,16.1,20.8,19.6,16.05,16.95,18.75,18.7,19.35,18.8,19.9,16.65,14.3,18.4,17.5,17.9,16.55,17.25,20.3,18.2,20.6,19.65,16.8,15.87,16.23,18.55,15.4,17.5,16.56,17.5,15.25,16.9,17.25,16.75,19.3,14.8,16.75,17.65,17.75,14.35,17.6,15.22,17.8,17.25,14.76,13.0,17.4,15.95,13.8,19.23,17.1,15.85,18.25,12.85,20.3,15.35,14.9,17.05,18.0,13.15,15.35,17.8,16.4,15.5,17.3,13.8,17.8,16.5,16.3,13.04,15.5,16.22,19.85,19.95,18.9,19.08,20.05,16.1,17.9,17.35,15.4,18.95,13.27,17.45,19.0,19.1,17.95,17.65,14.47,16.02,12.56,18.35,18.45,16.23,17.75,19.1,16.1,18.35,15.3,16.3,17.05,17.5,16.67,15.91,16.85,18.9,15.4,10.05,14.2,18.65,16.45,14.25,14.75,15.8,17.4,19.4,14.85,14.95,17.0,17.55,15.0,18.0,18.29,15.7,18.95,17.55,16.55,17.33,15.75,19.6,16.17,16.95,17.1,15.85,16.3,15.45,16.0,13.85,15.45,17.35,11.85,12.3
gained-coins,20.74,19.916946107784433,1.3879170612319307,20.53,20.58,23.03,23.81,23.27,20.41,21.37,20.74,19.29,19.1,18.38,18.39,20.04,20.07,20.84,21.61,22.04,18.6,22.89,20.03,21.01,20.27,20.14,18.7,21.12,22.06,19.27,22.84,21.55,20.45,20.9,20.04,20.89,18.76,20.34,19.2,21.09,21.83,18.62,20.27,21.02,19.25,19.7,19.47,20.62,20.27,19.87,21.01,20.5,19.45,17.18,21.85,20.98,20.99,17.64,21.01,22.14,19.17,19.17,22.96,19.77,19.96,19.82,19.14,18.48,19.02,18.92,22.21,19.32,21.53,21.4,19.49,19.82,21.46,20.9,21.89,19.84,20.91,17.8,18.16,21.53,21.45,19.58,17.82,19.05,21.11,18.79,19.29,19.88,22.12,22.98,19.39,20.3,19.23,19.47,20.54,21.03,19.67,19.41,18.76,20.37,25.88,21.41,19.53,19.85,21.23,19.32,20.85,23.78,20.34,19.53,19.19,20.94,20.25,20.91,17.65,19.38,19.96,20.84,21.56,19.52,18.64,20.47,23.38,21.05,19.12,18.52,20.04,19.94,19.74,21.41,18.31,18.42,19.36,18.91,21.05,18.33,20.39,19.8,19.94,19.18,17.79,17.9,17.36,19.62,18.79,19.58,20.03,22.18,20.09,19.83,20.46,17.91,20.99,19.22,21.62,21.14,21.61,17.6,18.7,19.83,22.2,22.04,17.28,17.66,19.51,20.41,20.87,20.33,18.38,20.79,21.26,19.32,19.36,21.27,22.67,21.44,19.54,18.06,19.57,19.64,22.91,18.08,18.98,21.0,18.27,19.52,21.16,18.39,20.15,18.92,19.94,20.41,20.91,20.27,19.4,19.0,21.42,19.93,18.36,18.22,21.86,21.42,19.72,21.26,19.02,21.38,20.49,19.79,21.16,17.67,18.87,20.12,18.87,18.68,17.73,19.82,21.1,21.61,18.68,19.65,21.13,20.83,20.48,19.04,22.11,19.44,20.4,19.4,20.24,16.74,20.05,18.46,18.97,19.62,21.12,18.56,20.27,17.77,20.76,19.73,19.01,18.23,20.72,20.31,19.78,19.38,19.82,19.24,19.92,21.08,18.89,18.76,20.21,21.1,19.1,20.94,20.9,19.19,19.22,21.83,19.37,19.65,18.54,21.12,19.72,21.22,20.02,21.01,18.69,19.1,21.04,18.8,19.11,19.19,19.25,17.06,20.91,21.28,19.22,18.44,18.34,20.36,18.97,19.72,20.47,20.16,17.46,17.89,20.34,19.09,20.55,21.07,20.7,20.0,20.59,19.33,19.36,19.41,19.2,17.91,18.22,17.19,21.18,18.39,21.6,19.22,18.69,17.49,20.25,18.29,16.62,16.14,18.42,21.03,18.99,18.2,22.43,20.26,18.44,18.87,18.56,21.67,21.6,18.68,17.53,18.27,19.39,18.69,20.19,18.48,18.55,19.12,19.06
gained-compass,27.524153846153844,25.52071856287425,2.3122556538677927,27.09,32.0,34.69,30.0,32.1,27.0,26.38,22.24,26.67,26.45,22.42,24.45,27.42,24.58,26.14,29.54,33.04,28.08,28.92,29.63,26.78,30.97,25.57,27.22,26.62,25.77,27.05,32.05,27.28,26.85,26.67,22.99,25.93,26.1,27.92,28.31,25.99,27.75,27.95,26.45,26.11,24.47,28.59,27.66,26.93,27.36,26.16,27.07,29.84,27.41,25.55,28.52,24.23,28.19,24.95,27.0,26.42,27.17,27.95,27.05,26.67,28.7,26.35,27.32,26.42,28.74,26.67,23.08,23.3,27.12,26.78,27.28,23.62,26.89,23.83,24.9,27.87,28.45,24.61,27.34,24.51,30.24,22.51,25.62,24.28,28.8,29.45,26.14,25.53,25.85,26.31,26.64,28.62,27.22,26.23,28.0,25.3,27.14,25.72,25.13,28.86,28.52,28.27,27.1,26.17,23.98,23.77,26.87,27.26,27.04,26.23,23.66,27.93,24.62,25.81,26.64,26.82,25.68,24.66,27.46,24.83,27.16,26.55,24.78,23.89,27.6,27.15,25.65,25.92,26.12,25.34,24.36,23.64,25.33,26.26,27.85,23.74,25.78,24.74,25.19,24.58,24.7,22.42,25.53,27.79,25.77,21.2,26.83,22.52,25.73,22.39,24.61,28.64,26.67,24.55,27.25,22.73,25.83,25.25,27.16,28.08,28.1,22.85,26.33,25.26,27.15,25.03,25.02,25.83,25.29,21.21,23.35,25.69,27.21,25.32,27.08,25.13,27.81,21.69,23.14,25.26,25.9,26.21,26.85,24.93,22.38,25.88,30.38,26.64,25.71,25.34,24.22,23.99,22.85,25.08,27.74,21.47,25.9,27.71,24.65,26.6,28.1,25.16,23.88,22.86,25.6,24.53,25.73,25.79,23.2,23.79,23.66,25.87,27.87,25.94,23.33,23.82,26.69,27.11,26.22,26.56,21.84,26.67,29.48,22.96,26.97,26.48,21.34,23.62,26.24,26.74,23.84,22.68,20.48,23.59,25.28,24.27,23.64,26.83,25.6,24.33,25.56,25.72,18.81,26.19,24.96,27.23,26.22,24.86,25.18,23.9,21.69,23.79,23.57,22.83,22.51,25.35,21.36,27.72,25.42,23.7,20.78,27.7,22.17,26.97,26.66,27.19,25.46,24.43,26.55,24.89,24.99,22.73,27.35,20.79,27.24,26.66,23.25,23.91,28.38,22.57,23.12,20.62,23.42,26.21,25.37,24.2,24.74,26.07,24.44,25.09,26.61,26.0,23.19,25.15,20.69,22.43,24.54,23.21,22.61,26.4,24.07,19.29,23.87,27.52,25.29,22.53,23.96,20.05,22.85,22.81,20.68,19.65,26.51,21.87,23.05,26.71,25.94,23.22,22.09,23.05,25.78,24.77,26.66,22.3,23.73,23.56,22.54,23.26,27.4,22.88,24.7,22.31,20.57
gained-tablet,14.476,14.181377245508981,0.8637142477132703,14.36,14.03,16.34,15.08,14.39,16.61,13.5,15.47,15.23,14.82,13.36,14.83,13.13,14.55,15.66,14.57,15.56,14.85,16.03,14.89,14.57,13.73,14.88,14.82,15.23,15.01,13.87,14.59,14.46,16.81,15.19,13.71,15.44,13.98,13.64,13.95,13.87,14.12,12.85,14.12,12.51,14.35,14.61,13.98,13.17,14.03,13.89,13.84,13.0,12.79,15.68,14.59,15.1,13.61,14.3,15.96,14.32,13.61,14.89,14.02,14.27,15.43,14.62,14.12,13.15,14.58,15.55,14.45,13.95,13.55,14.72,14.45,14.36,13.63,13.39,13.88,13.67,14.72,12.47,16.18,15.25,15.09,14.87,16.21,14.14,14.32,15.5,14.82,14.05,14.86,15.2,14.7,14.48,15.52,14.99,13.76,15.38,13.61,14.09,14.46,14.41,14.49,15.5,14.73,11.71,15.33,15.57,13.28,14.47,13.99,14.6,14.04,14.94,15.32,13.04,14.83,14.99,15.0,14.04,14.19,13.61,15.03,13.91,13.22,14.47,14.21,15.19,13.5,13.83,14.5,13.62,13.63,14.19,15.28,13.97,14.04,13.69,13.9,13.79,13.05,13.78,13.47,13.4,14.29,14.91,13.84,13.32,14.95,14.12,13.87,13.71,14.84,13.17,14.14,13.43,14.21,14.0,15.32,14.04,13.37,13.65,13.08,14.87,13.13,13.84,15.17,14.52,14.53,15.38,14.49,12.19,14.31,13.34,15.28,13.34,13.71,15.2,14.34,13.13,13.97,15.8,13.76,15.03,14.37,12.55,14.73,14.6,14.71,14.9,14.79,15.42,13.09,15.22,14.15,14.38,15.38,13.76,14.81,12.92,13.86,14.53,14.69,13.35,14.41,14.22,14.34,14.05,13.84,13.66,14.25,13.54,14.96,13.9,14.91,13.87,14.17,15.25,14.16,14.57,13.49,14.1,13.09,14.76,14.09,14.19,14.98,13.47,15.36,14.56,15.19,13.64,14.17,12.68,14.0,14.92,15.17,14.8,14.35,15.02,13.69,14.96,13.95,12.46,12.44,13.95,14.32,12.28,14.19,14.85,13.35,13.68,14.24,14.88,13.46,13.98,12.2,13.8,14.13,14.98,14.35,14.91,14.0,13.44,14.71,12.74,12.43,14.49,14.04,14.67,14.68,13.05,14.06,13.68,11.92,13.04,14.3,14.06,14.94,13.28,13.97,13.19,14.24,13.0,12.65,14.76,14.37,13.92,12.56,13.51,13.38,15.13,13.14,13.16,13.99,14.33,14.59,14.0,14.0,13.44,14.79,12.8,14.34,14.33,13.76,15.11,11.66,13.88,13.46,14.12,14.97,12.41,11.84,15.38,12.69,15.39,14.0,12.64,14.45,14.65,14.18,12.9,12.92,13.53,15.16,13.04,13.79,14.81,13.85,13.29,14.69,13.7,14.63,13.09,13.95
gained-arrowhead,11.102461538461538,10.672305389221558,0.7256148368400005,10.67,11.39,11.17,10.73,12.22,11.28,11.35,10.34,11.03,12.03,11.67,11.04,11.28,11.45,11.48,10.29,11.7,11.77,11.11,10.75,10.73,11.06,11.17,11.55,10.97,11.37,10.83,10.91,11.49,11.2,11.67,11.0,10.93,11.36,11.71,9.95,10.86,10.39,10.54,11.61,10.43,10.83,11.13,11.13,10.21,10.92,11.57,11.66,11.12,10.94,11.05,11.37,10.72,11.47,10.7,11.09,11.56,11.13,11.96,11.0,11.52,10.96,11.24,11.03,10.92,11.27,10.6,10.34,10.59,11.1,10.94,11.39,10.5,11.35,11.11,10.64,10.72,10.42,11.02,11.1,11.63,10.85,10.46,11.54,11.32,10.14,11.39,10.54,10.02,11.08,11.43,11.38,9.85,10.84,11.38,11.27,10.84,10.92,11.06,10.77,10.14,11.33,11.12,10.82,10.51,10.94,10.87,11.22,11.29,10.37,10.06,10.13,11.08,10.11,10.07,10.76,11.11,10.7,11.46,10.81,11.06,11.19,10.92,10.92,9.3,11.57,9.89,10.49,10.95,10.53,10.27,11.33,11.39,11.72,11.08,11.03,11.36,10.41,10.03,9.53,10.23,11.36,9.11,10.99,11.66,11.44,11.25,10.77,10.03,12.49,10.41,10.92,11.77,10.67,11.49,10.95,11.53,10.93,12.18,11.64,10.2,10.7,9.73,11.1,9.82,10.45,11.22,10.45,10.35,11.25,10.6,10.43,11.15,10.35,9.83,11.35,11.23,10.93,10.44,11.17,11.38,11.46,10.56,10.66,10.84,11.57,10.46,10.31,10.55,11.92,10.28,9.23,10.79,11.43,9.25,10.02,10.7,10.08,10.44,8.88,9.99,10.79,10.09,9.29,10.29,11.14,10.79,10.92,10.15,10.62,11.44,10.49,11.41,11.24,11.09,10.29,10.81,10.53,11.58,10.24,10.77,11.01,11.27,10.55,10.16,11.13,10.13,10.85,11.0,11.21,11.01,10.41,10.41,9.48,10.95,10.57,10.17,9.54,11.1,10.87,10.16,10.14,10.39,9.06,10.06,10.23,10.15,10.09,10.2,9.08,10.69,10.87,11.4,10.09,9.79,8.41,10.31,10.51,10.84,11.83,9.62,12.02,10.29,9.83,10.91,10.06,11.22,10.19,11.86,10.61,10.58,10.4,8.46,10.5,8.85,10.83,10.75,10.51,11.06,11.01,9.52,9.25,9.18,10.78,10.42,9.44,11.41,10.23,10.65,10.14,11.12,10.58,10.37,9.95,8.11,10.56,10.48,9.82,10.25,9.97,9.24,9.0,11.81,9.95,9.28,9.25,10.66,10.62,10.28,10.96,9.86,11.1,10.97,10.43,11.21,11.05,8.99,10.43,9.7,10.0,10.35,10.34,9.97,11.51,9.46,9.64,10.3,9.15,9.7,8.67,10.15,10.13,9.34,8.42
gained-jewel,7.302615384615385,6.765000000000001,0.5771285188996705,6.79,7.34,7.34,8.01,7.06,7.45,7.55,6.92,6.94,7.0,6.55,7.36,7.14,7.2,6.54,8.16,6.97,6.99,6.8,7.18,6.97,8.64,7.03,7.3,7.04,7.54,7.29,7.11,7.52,6.91,7.74,6.98,7.04,6.74,7.15,7.92,6.48,7.27,7.03,8.17,6.85,7.0,7.54,7.53,7.06,6.82,8.39,7.26,7.28,7.34,6.43,7.53,6.9,7.23,7.23,7.2,6.54,7.0,6.75,7.31,7.16,7.02,6.82,7.39,7.18,7.35,7.13,6.7,6.99,7.31,6.84,6.66,6.76,6.92,7.05,7.15,7.61,6.36,7.14,6.69,6.88,7.2,6.87,7.33,6.82,7.08,6.32,5.64,8.16,6.69,7.01,7.42,7.11,6.68,6.98,7.34,6.2,7.82,6.56,6.89,7.17,7.54,6.69,6.97,7.23,7.08,7.11,7.54,7.26,7.16,6.84,6.6,7.44,6.47,7.44,7.28,7.15,7.45,7.28,8.0,6.63,7.16,7.27,7.73,6.45,7.05,6.43,7.14,7.33,7.28,7.09,7.51,7.17,7.16,6.68,6.79,6.99,7.08,7.14,7.46,6.9,7.19,5.68,7.03,6.99,6.73,6.61,7.42,6.82,6.59,7.46,6.74,7.26,7.62,6.27,6.73,7.0,6.83,7.39,7.14,7.21,7.49,6.56,7.35,6.81,6.82,7.39,6.93,6.8,6.53,7.62,6.78,6.7,6.04,7.13,7.21,7.05,6.48,6.62,6.32,6.76,7.06,6.43,6.7,6.29,7.34,7.02,6.17,6.57,6.97,6.71,6.6,6.99,6.58,6.0,6.78,7.22,6.79,7.7,6.69,6.07,6.73,6.57,6.16,6.66,5.89,6.18,7.05,5.99,6.22,6.25,6.6,6.1,6.33,6.24,7.01,7.04,7.56,6.61,6.01,6.9,7.08,6.59,6.4,5.54,7.11,6.68,6.05,6.96,7.09,6.93,6.57,6.46,7.03,6.48,6.82,6.8,6.4,7.25,7.32,7.24,6.1,7.09,6.46,6.98,6.7,6.03,6.49,6.67,6.76,7.03,6.23,7.28,6.29,6.85,6.19,6.23,5.7,6.27,6.62,6.32,5.76,5.77,6.59,6.54,6.16,5.75,6.02,6.19,6.58,6.99,6.29,6.63,6.58,6.23,6.19,6.68,5.9,7.16,6.18,6.72,6.2,6.62,6.05,6.22,5.84,6.52,6.51,5.86,6.14,6.23,5.9,6.25,6.49,6.96,6.14,5.43,6.66,5.7,5.38,5.45,6.12,5.65,6.91,5.93,7.19,5.73,6.39,5.5,6.93,5.01,6.33,6.46,6.42,5.71,6.24,5.77,6.08,5.65,5.49,6.76,5.35,6.0,6.17,6.16,6.84,6.8,6.27,5.88,5.74,6.0,5.62,6.1,5.16
gained-idol,5.344153846153846,5.23002994011976,0.5260393678407679,5.05,6.42,6.07,5.55,5.84,4.78,5.39,4.03,5.04,5.47,4.29,5.12,5.4,4.99,5.41,5.35,5.77,5.88,5.98,5.64,5.38,5.64,5.18,4.96,5.32,4.72,5.18,4.99,5.41,5.41,4.92,4.4,4.99,4.67,5.28,5.43,5.37,5.4,5.39,5.46,5.36,5.14,5.61,5.46,5.54,5.59,5.64,5.36,5.47,5.37,5.18,5.3,4.9,5.69,4.52,5.67,5.32,4.5,5.45,4.57,5.47,6.01,5.41,5.21,5.87,5.66,5.75,4.94,4.61,5.31,5.51,5.43,4.8,5.43,5.06,4.81,5.12,6.18,5.5,5.55,3.99,5.91,4.51,5.55,5.05,5.48,5.94,5.71,5.3,4.89,5.87,4.92,4.78,5.74,5.36,5.99,4.92,5.35,5.44,4.85,5.92,6.53,5.52,5.26,5.16,4.79,4.52,5.46,5.98,4.77,6.21,4.09,5.21,5.4,5.52,5.14,5.44,4.84,5.35,5.34,5.53,5.33,5.57,5.65,5.12,5.54,5.78,5.01,5.33,5.03,5.11,4.88,4.5,5.4,5.36,5.3,4.35,5.33,5.34,5.34,5.52,5.56,4.64,5.98,5.47,5.32,4.25,6.04,4.33,5.31,4.37,5.04,6.16,5.38,5.93,5.75,5.9,5.01,5.27,5.47,5.56,6.52,4.46,5.53,4.75,5.48,4.96,5.03,5.43,5.06,4.14,4.73,5.05,5.33,5.53,5.38,4.9,5.6,4.72,5.03,4.91,5.65,5.66,5.77,5.62,4.28,5.56,5.98,4.7,5.61,5.53,5.05,5.04,4.58,5.59,6.44,3.93,4.65,5.32,5.36,5.23,4.96,5.51,5.15,5.05,5.06,5.19,5.9,5.1,5.25,4.77,5.09,5.64,5.79,5.97,5.09,4.81,5.68,5.45,5.35,5.71,4.64,4.78,6.19,4.57,5.7,5.66,4.12,4.89,5.6,6.0,4.58,4.47,4.6,5.02,5.19,4.37,4.84,5.06,5.63,4.95,5.71,5.63,3.68,5.69,4.09,6.23,5.44,5.47,5.57,4.7,4.89,4.97,4.66,4.51,5.26,5.32,3.89,5.98,5.18,5.1,4.04,5.52,4.34,5.84,5.78,5.34,5.64,5.12,5.08,5.41,4.75,4.85,7.0,3.88,5.28,6.17,5.16,4.67,5.69,4.75,5.25,4.41,5.01,5.52,5.49,5.46,5.87,5.62,5.35,5.26,5.41,5.67,4.93,5.22,4.55,4.13,5.64,5.04,3.9,5.5,5.59,4.62,5.16,6.11,5.77,4.84,5.18,4.56,4.81,4.78,5.26,4.35,5.6,4.76,4.88,5.63,5.65,5.17,4.82,5.16,6.0,5.3,5.61,5.1,5.28,4.61,4.6,4.91,5.78,5.02,5.55,4.16,3.93
idol-bonus,2.874923076923077,2.85188622754491,0.3791721331222491,2.84,3.06,3.66,3.23,3.37,2.52,2.97,1.87,2.83,2.95,2.2,2.76,2.7,2.56,3.04,3.05,3.33,3.3,3.06,3.03,2.89,2.88,2.66,2.69,2.92,2.27,2.77,2.84,2.88,3.07,2.51,2.37,2.67,2.3,3.04,2.95,2.84,2.92,2.88,3.01,2.93,2.68,3.25,3.08,3.1,3.2,3.2,2.85,3.06,2.74,2.95,2.79,2.62,2.96,2.23,3.23,3.02,2.42,2.89,2.35,2.92,3.06,3.02,2.47,2.95,2.94,2.91,2.64,2.42,3.0,3.02,2.84,2.43,2.88,2.64,2.41,2.68,3.36,2.97,3.11,1.97,3.42,2.49,3.26,2.78,3.11,3.31,3.04,2.88,2.65,3.17,2.63,2.7,3.29,2.79,3.21,2.85,3.0,3.06,2.48,3.41,3.52,3.1,2.93,2.66,2.6,2.34,2.85,3.44,2.55,3.35,2.13,3.1,2.95,2.94,2.98,2.91,2.63,3.02,2.84,3.05,3.06,3.02,3.03,2.81,3.03,3.28,2.74,2.8,2.73,2.9,2.69,2.42,2.82,3.08,2.81,1.91,3.02,2.78,3.12,2.91,3.01,2.43,3.24,3.1,2.7,2.12,3.33,2.42,2.87,2.34,2.48,3.47,3.07,3.11,3.3,3.14,2.8,2.85,3.18,3.21,3.61,2.31,3.23,2.71,3.2,2.65,2.85,3.06,2.56,2.05,2.62,2.66,3.13,3.07,2.88,2.69,3.13,2.53,2.49,2.57,3.41,3.18,3.25,2.91,2.15,3.28,3.52,2.5,2.99,2.79,2.93,2.83,2.44,3.06,3.35,1.84,2.62,2.98,2.89,2.89,2.57,3.38,2.72,2.86,2.77,2.94,3.41,2.87,3.01,2.51,2.78,3.25,2.95,3.3,2.56,2.63,3.23,3.12,2.93,3.23,2.43,2.73,3.44,2.32,3.06,2.86,1.9,2.41,3.15,3.47,2.42,2.27,2.51,2.79,2.71,2.24,2.65,2.94,3.26,2.49,3.17,3.21,1.81,3.4,2.29,3.47,2.98,3.29,3.07,2.62,2.39,2.97,2.54,2.3,3.04,3.0,1.75,3.78,2.75,2.88,1.98,3.2,2.29,3.4,3.24,2.99,3.1,2.63,2.86,3.11,2.52,2.68,3.93,1.83,3.09,3.07,2.85,2.57,3.43,2.47,3.02,2.1,2.73,3.09,3.09,2.85,3.23,3.2,3.16,3.08,3.09,3.14,2.73,2.93,2.49,2.07,3.21,2.71,1.69,3.0,3.26,2.08,3.02,3.51,3.25,2.56,2.89,2.46,2.73,2.58,2.68,2.11,3.17,2.68,2.71,2.95,3.29,3.06,2.44,2.66,3.23,3.17,3.18,2.95,2.84,2.5,2.58,2.6,3.55,2.75,3.16,2.12,1.94
idol-jewel,0.7007692307692307,0.6259580838323353,0.2010023188216809,0.62,0.89,0.45,1.09,0.82,0.47,0.81,0.32,0.69,0.5,0.45,0.52,0.8,0.59,0.63,1.12,0.69,0.68,0.76,0.92,0.6,1.03,0.49,0.58,0.91,0.67,0.53,0.88,0.66,0.74,0.65,0.85,0.46,0.56,0.74,0.82,0.52,0.81,0.96,0.89,0.55,0.73,0.81,1.02,0.82,0.78,0.77,0.64,0.84,0.91,0.65,0.56,0.53,0.77,0.71,0.81,0.69,0.51,0.67,0.68,0.65,0.6,0.84,0.65,0.91,0.69,0.66,0.57,0.51,0.79,0.49,0.67,0.49,0.5,0.53,0.35,0.87,0.44,0.78,0.67,0.29,0.8,0.49,0.54,0.79,0.68,0.61,0.25,0.57,0.72,0.57,0.77,0.64,0.63,0.48,0.85,0.33,0.83,0.59,0.6,1.05,0.61,0.4,0.74,0.65,0.44,0.29,0.7,1.02,0.69,1.13,0.53,0.71,0.58,0.72,1.01,0.61,0.49,0.61,0.87,0.7,0.97,0.84,0.65,0.42,0.82,1.0,0.76,0.66,0.56,0.61,0.64,0.39,0.84,0.75,0.72,0.28,0.86,0.64,1.1,0.71,0.68,0.48,0.93,0.6,0.59,0.29,1.04,0.39,0.77,0.46,0.24,1.12,0.75,0.58,0.65,0.64,0.53,0.68,0.91,1.01,1.33,0.56,0.6,0.64,0.89,0.63,0.68,0.61,0.45,0.5,0.66,0.48,0.68,0.9,0.54,0.56,0.82,0.62,0.55,0.51,0.98,0.62,0.67,0.74,0.58,0.8,0.74,0.72,0.79,0.63,0.65,0.73,0.56,0.49,0.69,0.45,0.63,1.12,0.72,0.52,0.54,0.94,0.4,0.59,0.25,0.51,0.87,0.44,0.59,0.71,0.33,0.57,0.68,0.68,0.52,0.53,0.87,0.77,0.57,0.65,0.48,0.37,0.79,0.41,0.66,0.86,0.21,0.4,0.64,0.66,0.56,0.38,0.4,0.54,0.73,0.39,0.42,0.74,0.65,0.51,0.63,1.01,0.39,1.03,0.69,0.7,0.57,0.64,0.71,0.41,0.27,0.71,0.49,0.31,0.86,0.44,0.18,0.64,0.76,0.53,0.29,0.34,0.27,0.86,0.71,0.57,0.54,0.46,0.49,0.74,0.72,0.66,0.6,0.23,0.34,0.67,0.46,0.39,0.64,0.6,0.47,0.64,0.45,0.48,0.6,0.62,0.74,0.43,0.69,0.53,0.59,0.6,0.46,0.52,0.27,0.28,0.97,0.33,0.15,0.4,0.42,0.18,0.6,0.62,1.06,0.39,0.37,0.29,0.71,0.23,0.53,0.14,0.87,0.42,0.65,0.79,0.75,0.63,0.36,0.53,0.53,0.63,0.51,0.72,0.58,0.36,0.48,0.5,0.66,0.51,0.35,0.42,0.24
idol-arrowhead,0.8092307692307692,0.809311377245509,0.16308900291918083,0.83,1.05,0.9,0.78,0.96,0.63,0.76,0.5,0.94,0.9,0.72,0.66,0.77,1.02,0.76,0.56,0.91,1.01,0.98,0.87,0.88,0.58,0.69,0.75,0.69,0.73,0.94,0.62,0.75,0.59,0.59,0.64,0.68,0.68,1.05,0.79,0.75,0.87,0.66,0.72,0.93,0.66,0.93,0.59,0.99,1.05,0.89,0.73,1.12,0.8,0.6,0.98,0.72,0.8,0.59,0.62,0.76,0.62,0.74,0.66,0.94,0.86,0.83,0.74,1.01,1.07,1.09,0.83,0.68,0.8,0.85,0.85,0.62,0.74,0.9,0.89,0.76,0.89,0.98,0.84,0.62,0.89,0.88,1.09,0.63,0.71,1.21,1.14,1.11,0.68,0.81,0.63,0.82,0.84,0.69,1.08,0.97,0.88,0.78,0.83,0.83,0.98,0.89,0.67,0.75,0.67,0.6,0.59,0.72,0.6,0.95,0.38,0.8,0.97,0.88,0.82,0.83,0.74,0.8,0.75,0.78,0.89,0.87,0.95,0.91,0.93,0.93,0.68,0.83,0.85,1.11,0.8,0.69,0.73,0.97,0.76,0.64,0.83,0.7,0.72,0.86,0.82,0.64,0.85,0.94,0.81,0.7,0.64,0.76,0.78,0.68,0.56,0.87,0.92,0.79,0.95,0.92,0.9,0.88,0.84,0.86,0.92,0.52,1.25,0.78,0.98,0.75,0.63,0.98,0.48,0.64,0.83,0.85,0.61,0.83,1.07,0.55,0.78,0.89,0.87,0.81,0.66,0.85,0.95,0.7,0.6,1.11,0.76,0.7,0.66,0.82,0.67,0.77,0.96,0.87,0.74,0.53,0.56,0.75,0.77,0.71,0.85,0.85,0.78,0.99,1.08,0.81,0.83,0.63,0.81,0.83,0.76,0.99,0.96,0.99,0.93,0.82,0.7,0.61,0.85,0.85,0.82,0.67,0.67,0.49,0.88,0.76,0.76,0.92,0.81,1.24,0.69,0.6,0.6,0.92,0.81,0.61,0.72,0.77,0.75,0.82,0.81,0.87,0.53,0.94,0.67,0.94,0.72,0.83,0.69,0.74,0.84,0.92,0.74,0.61,0.97,1.37,0.55,1.1,0.64,0.62,0.86,0.86,0.54,0.84,0.79,0.89,0.97,0.72,0.83,1.08,0.7,0.68,1.45,0.63,0.72,1.0,0.76,0.79,1.05,0.72,0.76,0.54,0.9,1.09,1.12,0.92,0.83,0.86,1.15,0.75,0.79,0.89,0.79,1.3,0.62,0.5,0.89,0.79,0.48,1.11,0.8,0.67,0.95,0.89,0.92,0.69,0.68,0.83,0.6,1.04,0.7,0.73,0.96,0.55,0.76,1.02,0.76,0.83,0.89,1.01,1.14,1.07,0.91,1.06,0.7,0.7,0.49,0.86,0.83,0.72,0.88,0.46,0.6
idol-tablet,0.9486153846153846,0.9291616766467065,0.18098135279205335,1.07,0.9,1.55,0.96,0.94,1.15,0.99,0.79,0.88,1.0,0.77,1.24,0.7,0.82,1.11,1.0,1.17,1.16,1.02,1.01,0.93,0.88,0.99,1.07,0.88,0.63,0.81,0.82,0.95,1.37,0.84,0.67,1.09,0.85,0.98,0.86,0.83,0.77,0.87,0.92,0.8,0.83,0.92,0.96,0.97,0.83,1.03,0.89,0.59,0.52,1.17,0.72,1.05,0.84,0.74,1.23,0.94,0.91,1.1,0.68,0.93,1.3,1.03,0.8,0.85,0.78,0.73,1.08,0.96,0.9,1.13,1.01,0.8,1.05,0.94,0.98,0.8,1.27,0.83,0.92,0.63,1.26,0.96,1.35,0.94,1.41,1.06,0.64,0.81,0.78,1.05,0.98,0.89,1.26,1.08,1.0,1.15,0.85,1.25,0.64,1.19,1.06,1.09,1.27,0.64,0.94,0.99,1.0,1.0,0.72,0.95,0.74,0.99,1.11,1.07,0.89,1.0,0.97,1.11,0.81,0.87,1.0,0.89,1.0,1.09,1.05,0.98,0.82,0.86,1.02,0.75,0.96,0.97,0.9,0.95,0.76,0.63,1.02,0.95,0.77,0.96,0.97,0.73,1.15,1.12,0.88,0.66,1.39,0.82,0.81,0.88,0.84,0.9,0.92,0.92,1.15,1.15,0.81,1.03,0.67,0.8,0.85,0.79,1.05,0.93,0.98,0.98,0.74,1.0,1.0,0.68,0.76,0.81,1.19,1.04,0.78,1.0,0.74,0.7,0.72,0.89,1.21,1.31,1.01,1.01,0.61,1.1,1.25,0.75,1.01,0.94,0.97,0.99,0.67,0.96,1.14,0.57,0.89,0.74,1.13,0.95,0.72,0.97,1.12,0.99,0.9,1.19,1.24,0.76,1.09,0.76,0.78,1.17,0.87,1.16,0.81,0.89,1.13,1.21,1.06,0.9,0.64,0.72,0.94,0.9,1.11,1.05,0.69,0.79,0.79,1.18,0.87,0.75,0.85,0.93,0.78,0.85,1.05,1.08,0.83,1.01,0.96,0.95,0.58,0.88,0.69,0.99,1.07,1.06,1.16,0.71,0.87,0.96,0.98,0.67,0.8,0.9,0.56,1.4,0.95,0.92,0.57,1.07,1.22,0.96,0.89,0.77,0.78,0.72,1.06,0.9,0.77,0.96,1.08,0.6,1.14,0.89,1.0,0.68,0.98,0.88,0.85,0.49,0.95,0.89,1.12,0.75,1.24,1.01,0.97,1.11,1.09,0.85,0.81,0.7,0.81,0.76,0.99,0.88,0.42,1.03,1.03,0.87,0.81,1.41,0.6,0.79,0.79,0.93,0.88,0.91,0.98,0.95,0.82,0.87,0.99,0.61,1.25,1.0,0.76,0.69,0.84,0.87,1.04,0.73,0.94,0.99,0.98,0.85,1.12,0.84,1.43,0.75,0.57
idol-coins,0.3689230769230769,0.41877245508982036,0.16278171889916954,0.32,0.17,0.69,0.39,0.57,0.25,0.36,0.26,0.27,0.53,0.21,0.29,0.39,0.13,0.49,0.34,0.51,0.4,0.24,0.22,0.42,0.39,0.34,0.29,0.28,0.2,0.46,0.43,0.47,0.35,0.34,0.19,0.34,0.19,0.22,0.34,0.63,0.46,0.37,0.43,0.59,0.42,0.55,0.5,0.26,0.43,0.48,0.51,0.44,0.49,0.52,0.41,0.28,0.48,0.17,0.39,0.61,0.33,0.37,0.32,0.36,0.27,0.22,0.24,0.17,0.36,0.38,0.15,0.24,0.29,0.45,0.3,0.41,0.54,0.24,0.15,0.25,0.7,0.35,0.6,0.33,0.41,0.14,0.27,0.37,0.26,0.38,0.86,0.38,0.42,0.72,0.24,0.28,0.47,0.45,0.26,0.34,0.42,0.41,0.39,0.26,0.72,0.56,0.19,0.54,0.54,0.44,0.5,0.6,0.51,0.27,0.32,0.57,0.25,0.24,0.24,0.38,0.41,0.42,0.31,0.67,0.19,0.4,0.38,0.34,0.2,0.36,0.44,0.45,0.28,0.36,0.28,0.36,0.3,0.37,0.54,0.3,0.26,0.43,0.46,0.29,0.51,0.56,0.26,0.38,0.4,0.46,0.22,0.45,0.43,0.27,0.71,0.49,0.45,0.71,0.47,0.31,0.28,0.26,0.65,0.43,0.46,0.44,0.32,0.3,0.29,0.24,0.67,0.36,0.48,0.23,0.34,0.47,0.49,0.27,0.43,0.45,0.75,0.26,0.32,0.27,0.54,0.29,0.51,0.41,0.36,0.25,0.58,0.32,0.22,0.39,0.48,0.32,0.24,0.66,0.56,0.23,0.5,0.3,0.24,0.66,0.4,0.51,0.37,0.26,0.52,0.41,0.42,0.89,0.41,0.2,0.84,0.5,0.41,0.46,0.23,0.35,0.32,0.44,0.36,0.75,0.38,0.7,0.94,0.43,0.4,0.14,0.2,0.21,0.76,0.36,0.27,0.48,0.54,0.32,0.33,0.37,0.35,0.25,0.89,0.12,0.65,0.33,0.28,0.53,0.23,0.71,0.6,0.65,0.38,0.61,0.37,0.39,0.25,0.64,0.35,0.25,0.41,0.52,0.26,0.68,0.22,0.76,0.22,0.66,0.66,0.44,0.77,0.48,0.38,0.35,0.26,0.28,0.65,0.29,0.76,0.4,0.42,0.56,0.68,0.24,0.83,0.38,0.33,0.53,0.23,0.47,0.32,0.83,0.32,0.62,0.55,0.63,0.59,0.3,0.68,0.48,0.31,0.62,0.45,0.42,0.96,0.36,0.58,0.52,0.56,0.57,0.91,0.35,0.4,0.39,0.43,0.3,0.35,0.68,0.28,0.44,0.41,0.48,0.42,0.31,0.61,0.47,0.6,0.37,0.51,0.36,0.56,0.38,0.76,0.56,0.45,0.43,0.44
idol-card,0.047692307692307694,0.06874251497005988,0.05468643501854288,0.0,0.05,0.07,0.01,0.08,0.02,0.05,0.0,0.05,0.03,0.05,0.05,0.04,0.0,0.05,0.03,0.05,0.05,0.06,0.01,0.06,0.0,0.16,0.0,0.16,0.04,0.03,0.09,0.05,0.02,0.09,0.02,0.1,0.02,0.05,0.14,0.11,0.01,0.02,0.05,0.06,0.04,0.04,0.01,0.06,0.11,0.03,0.08,0.06,0.02,0.02,0.12,0.05,0.07,0.02,0.18,0.02,0.05,0.01,0.01,0.04,0.03,0.1,0.04,0.01,0.04,0.05,0.02,0.03,0.22,0.1,0.01,0.12,0.05,0.03,0.04,0.0,0.06,0.03,0.08,0.1,0.06,0.01,0.01,0.05,0.05,0.05,0.14,0.01,0.05,0.02,0.01,0.07,0.09,0.09,0.02,0.06,0.02,0.03,0.02,0.08,0.15,0.16,0.06,0.08,0.02,0.02,0.07,0.1,0.03,0.05,0.15,0.03,0.04,0.03,0.02,0.09,0.02,0.08,0.1,0.03,0.01,0.02,0.05,0.05,0.03,0.01,0.04,0.0,0.02,0.07,0.01,0.0,0.05,0.04,0.03,0.06,0.05,0.06,0.07,0.09,0.03,0.02,0.05,0.06,0.02,0.01,0.04,0.0,0.08,0.05,0.13,0.09,0.03,0.11,0.08,0.12,0.28,0.0,0.11,0.11,0.05,0.0,0.01,0.06,0.05,0.05,0.13,0.1,0.15,0.0,0.03,0.05,0.16,0.03,0.06,0.13,0.04,0.06,0.03,0.08,0.02,0.11,0.11,0.06,0.0,0.02,0.19,0.01,0.31,0.01,0.16,0.02,0.01,0.08,0.22,0.06,0.04,0.07,0.03,0.05,0.06,0.11,0.05,0.03,0.02,0.02,0.05,0.15,0.11,0.01,0.07,0.02,0.03,0.01,0.07,0.04,0.21,0.09,0.09,0.08,0.11,0.27,0.1,0.09,0.01,0.05,0.04,0.09,0.15,0.03,0.03,0.06,0.12,0.08,0.06,0.02,0.11,0.1,0.14,0.03,0.12,0.05,0.03,0.02,0.01,0.13,0.02,0.11,0.13,0.15,0.04,0.0,0.08,0.07,0.06,0.04,0.05,0.12,0.14,0.13,0.04,0.17,0.05,0.08,0.19,0.32,0.05,0.25,0.1,0.04,0.07,0.1,0.15,0.08,0.13,0.11,0.21,0.15,0.08,0.03,0.1,0.05,0.1,0.1,0.02,0.09,0.1,0.07,0.03,0.07,0.07,0.16,0.08,0.11,0.1,0.04,0.05,0.09,0.19,0.04,0.05,0.0,0.08,0.07,0.11,0.12,0.14,0.06,0.14,0.01,0.04,0.0,0.17,0.16,0.03,0.09,0.12,0.12,0.02,0.12,0.11,0.13,0.12,0.07,0.11,0.09,0.07,0.01,0.18,0.12,0.05,0.06,0.09
gained-item,5.575692307692308,5.279281437125748,0.6489747690670387,5.8,5.66,6.41,7.26,6.1,5.66,5.96,4.89,5.01,4.72,5.43,4.85,4.56,5.61,5.43,5.9,5.14,4.91,6.04,5.1,5.52,4.61,5.51,4.73,5.45,6.28,5.49,6.85,6.0,5.03,5.64,5.49,5.57,4.99,5.94,4.94,5.61,6.07,4.14,5.69,5.95,5.4,5.05,5.18,5.21,5.34,5.26,5.3,5.12,4.63,4.33,6.32,4.97,5.48,5.36,6.02,5.6,5.42,5.03,6.34,5.72,5.16,5.17,4.7,4.4,5.6,4.68,5.98,5.4,6.21,5.97,4.96,5.35,5.45,6.11,6.45,5.11,5.74,4.32,5.53,6.77,6.12,5.41,4.15,4.64,5.62,4.47,5.18,4.72,6.46,5.19,5.53,6.46,5.38,4.77,5.11,6.18,4.49,4.81,5.18,5.44,6.62,5.91,5.31,5.64,5.54,5.2,5.7,5.9,4.84,5.08,5.0,5.75,5.3,5.49,4.47,4.65,5.74,5.73,5.84,4.55,4.41,5.68,6.08,5.66,5.07,5.03,5.4,5.27,5.65,6.24,5.05,4.25,5.11,4.88,6.26,4.91,6.02,5.88,4.44,4.77,4.41,4.86,4.33,5.69,4.93,5.66,4.69,6.15,5.07,5.32,5.86,4.72,5.85,3.91,6.14,5.0,5.89,4.29,4.48,5.21,4.61,6.52,4.44,4.69,5.06,5.37,5.47,5.38,4.43,5.76,5.17,5.8,5.35,6.65,5.93,5.53,4.6,4.7,5.0,5.7,5.48,4.73,5.34,5.22,5.01,4.99,6.03,4.58,4.48,4.9,5.88,5.44,6.15,5.35,4.81,4.71,5.54,4.94,5.51,4.54,6.74,6.52,5.61,6.39,5.71,5.0,4.7,4.68,5.37,4.11,4.37,5.33,5.04,4.84,3.96,5.98,6.29,6.2,4.58,5.67,5.81,5.65,4.97,5.88,6.65,5.3,6.02,5.13,5.24,4.07,5.06,4.73,4.69,4.67,5.96,5.68,5.75,4.64,5.23,5.28,5.23,4.7,7.47,5.76,5.67,5.07,4.95,4.96,5.76,5.8,3.6,3.64,6.04,5.79,5.22,5.12,5.9,5.04,4.32,6.18,5.33,5.47,5.46,5.34,5.71,5.3,5.53,5.55,5.35,5.22,6.42,4.68,5.0,5.87,4.89,4.51,5.79,5.58,5.3,4.27,4.93,5.33,5.2,4.61,5.53,4.13,3.9,4.3,4.64,4.77,5.6,5.09,5.09,5.78,5.94,4.96,4.78,5.47,4.89,4.94,4.99,4.31,5.39,4.47,5.44,4.63,3.72,4.66,5.46,4.32,4.48,4.05,4.45,6.29,4.59,4.75,6.14,6.05,5.4,4.45,4.24,5.23,4.31,4.3,4.38,5.0,4.98,4.81,6.02,5.05,4.78,5.85,6.16
gained-art,4.471384615384615,3.87125748502994,0.6877610273922635,4.59,4.89,6.62,5.36,4.88,4.5,4.42,3.45,4.23,3.9,3.34,3.32,4.57,3.58,4.0,5.56,5.85,4.05,3.99,4.85,4.24,5.39,3.96,4.36,4.48,4.83,4.27,6.14,4.29,4.13,4.58,3.24,4.13,4.73,4.66,4.67,4.01,4.57,4.77,3.84,3.92,4.01,4.69,4.29,4.25,4.35,4.31,4.1,5.38,4.93,3.97,4.93,4.05,4.2,4.31,4.23,4.12,5.19,4.49,4.97,4.29,3.82,3.97,4.19,3.83,4.62,3.17,2.53,3.86,4.53,4.03,4.12,3.62,4.07,3.51,4.26,4.62,3.57,4.05,4.31,4.89,4.89,3.43,3.2,3.74,5.27,4.24,3.5,4.01,4.51,3.83,4.44,6.33,4.47,4.06,4.38,4.43,4.4,4.06,3.75,3.86,3.75,4.72,4.3,4.52,3.48,3.35,4.26,3.86,4.31,3.53,3.94,4.97,2.85,3.71,4.33,4.03,4.29,3.58,4.55,3.51,4.47,3.83,3.49,3.22,4.42,3.74,3.86,3.54,4.17,4.31,3.74,4.11,4.08,4.0,5.29,4.11,4.01,3.99,3.86,3.39,4.03,2.66,3.18,4.69,3.86,3.37,3.17,3.15,4.09,3.39,3.47,4.46,4.3,3.07,4.42,2.27,4.33,3.42,4.28,4.71,4.09,3.88,3.72,3.98,4.78,3.9,3.76,4.01,3.99,3.75,3.77,3.69,4.55,3.57,4.12,4.41,4.24,3.33,2.9,4.32,3.77,3.59,3.96,2.94,3.72,4.02,5.18,4.55,3.46,3.0,3.79,3.36,3.11,3.21,3.74,3.39,4.98,4.86,3.15,4.19,5.06,4.2,3.71,3.33,4.08,3.62,3.21,4.08,2.96,3.1,3.7,3.65,3.86,3.17,2.67,3.77,3.59,4.01,4.38,4.25,2.97,5.05,4.57,3.59,4.19,3.85,3.24,3.86,4.52,3.72,4.18,3.58,2.13,3.13,3.51,3.44,3.82,4.49,3.56,3.46,3.45,3.54,2.83,3.78,4.75,3.88,3.62,2.83,3.11,4.35,2.77,3.04,3.87,3.44,3.13,3.69,3.4,3.88,3.77,3.45,3.37,4.4,3.78,4.14,3.96,4.38,3.63,3.02,4.38,3.6,4.05,2.72,3.31,3.37,4.4,3.09,3.26,4.27,4.73,2.67,2.69,2.49,3.24,3.76,3.21,3.34,2.45,3.15,3.37,3.6,4.45,3.8,3.39,3.3,3.8,3.85,2.91,3.01,4.28,3.39,2.43,2.51,3.43,3.72,3.53,3.05,3.34,2.54,3.27,3.05,2.71,2.7,3.6,2.84,3.02,3.82,3.75,3.25,2.82,3.02,2.93,2.97,3.8,2.47,2.97,4.09,2.87,3.58,4.59,3.6,2.86,3.54,3.37
gained-card,10.047076923076924,9.15059880239521,1.0906893434716072,10.39,10.55,13.03,12.62,10.98,10.16,10.38,8.34,9.24,8.62,8.77,8.17,9.13,9.19,9.43,11.46,10.99,8.96,10.03,9.95,9.76,10.0,9.47,9.09,9.93,11.11,9.76,12.99,10.29,9.16,10.22,8.73,9.7,9.72,10.6,9.61,9.62,10.64,8.91,9.53,9.87,9.42,9.74,9.47,9.46,9.69,9.57,9.4,10.5,9.56,8.3,11.25,9.03,9.68,9.67,10.25,9.72,10.61,9.52,11.31,10.01,8.98,9.14,8.89,8.23,10.22,7.85,8.51,9.26,10.74,10.0,9.08,8.97,9.52,9.62,10.71,9.73,9.31,8.37,9.84,11.66,11.01,8.84,7.35,8.38,10.89,8.71,8.68,8.73,10.97,9.02,9.97,12.79,9.85,8.83,9.49,10.61,8.89,8.88,8.93,9.3,10.37,10.63,9.61,10.16,9.02,8.55,9.96,9.76,9.15,8.61,8.94,10.72,8.15,9.2,8.8,8.68,10.03,9.3,10.39,8.06,8.88,9.51,9.57,8.88,9.49,8.77,9.26,8.81,9.82,10.55,8.79,8.36,9.19,8.88,11.55,9.02,10.03,9.87,8.3,8.16,8.44,7.51,7.51,10.38,8.79,9.03,7.86,9.3,9.16,8.71,9.33,9.18,10.15,6.98,10.56,7.27,10.22,7.71,8.76,9.92,8.7,10.4,8.16,8.67,9.85,9.27,9.23,9.39,8.42,9.51,8.94,9.49,9.9,10.22,10.05,9.94,8.84,8.03,7.9,10.03,9.25,8.32,9.3,8.16,8.73,9.01,11.21,9.13,7.94,7.9,9.67,8.8,9.26,8.56,8.55,8.1,10.52,9.8,8.66,8.73,11.8,10.72,9.32,9.72,9.79,8.62,7.91,8.76,8.33,7.21,8.07,8.98,8.9,8.01,6.63,9.75,9.88,10.21,8.96,9.92,8.78,10.7,9.54,9.48,10.84,9.15,9.26,8.99,9.76,7.79,9.24,8.31,6.82,7.8,9.47,9.12,9.57,9.13,8.79,8.74,8.68,8.24,10.3,9.54,10.42,8.95,8.57,7.79,8.87,10.15,6.37,6.68,9.91,9.23,8.35,8.81,9.3,8.92,8.09,9.63,8.71,9.87,9.24,9.48,9.67,9.68,9.16,8.57,9.73,8.82,10.47,7.4,8.31,9.23,9.29,7.6,9.05,9.85,10.03,6.93,7.63,7.82,8.44,8.37,8.74,7.47,6.35,7.45,8.01,8.37,10.05,8.89,8.48,9.07,9.74,8.8,7.69,8.48,9.17,8.33,7.42,6.82,8.82,8.19,8.97,7.68,7.06,7.2,8.73,7.37,7.19,6.76,8.05,9.13,7.61,8.57,9.88,9.3,8.22,7.47,7.17,8.2,8.11,6.77,7.35,9.09,7.85,8.39,10.61,8.65,7.64,9.39,9.53
gained-draw,33.07569230769231,32.392365269461074,1.2461021888177366,32.75,32.51,35.1,35.24,32.59,33.3,33.56,31.29,32.72,32.1,31.72,31.41,31.73,32.06,31.31,33.31,33.55,31.84,34.04,33.52,32.38,33.18,34.31,31.28,35.17,33.87,32.94,36.58,33.21,32.99,33.56,31.11,33.97,32.22,33.96,31.99,32.83,33.82,30.99,32.57,32.55,32.68,32.34,32.73,31.94,32.95,31.89,32.01,33.81,31.92,31.35,35.0,33.35,32.18,32.07,35.9,33.31,32.29,31.64,35.77,33.54,33.14,32.91,33.06,30.83,33.46,30.27,31.64,32.67,34.09,33.13,32.61,32.65,32.51,32.71,33.86,33.24,32.01,31.23,32.25,33.02,35.96,31.26,30.27,31.69,33.43,32.17,33.14,31.49,32.77,32.37,33.02,32.89,33.66,31.73,32.67,33.81,32.83,31.41,32.89,35.53,35.16,35.3,34.26,32.32,31.88,31.31,32.93,34.07,32.66,32.06,32.53,33.83,32.2,31.18,31.17,34.11,33.25,33.04,33.95,30.93,32.99,32.79,33.14,32.11,33.16,31.05,32.17,31.36,32.41,31.83,31.55,31.81,33.93,32.66,33.98,33.35,31.77,33.09,32.08,30.93,30.67,29.84,31.93,33.59,31.19,31.78,31.86,31.3,32.63,32.24,33.82,31.88,31.52,29.85,32.52,32.15,34.46,30.75,31.99,33.06,30.92,34.06,30.99,31.82,31.92,32.21,34.02,32.91,32.79,32.33,32.7,32.73,32.17,31.95,34.47,35.17,31.98,30.39,31.85,33.45,32.73,33.01,33.21,32.42,30.3,32.52,34.56,31.7,34.13,32.04,33.71,31.89,32.32,30.36,32.5,31.57,33.89,32.49,30.11,31.58,34.4,32.96,32.88,33.51,32.79,31.26,31.68,31.91,31.85,31.32,31.59,32.0,32.32,32.76,30.88,32.4,34.1,33.6,32.18,32.04,33.48,34.07,31.95,32.42,33.64,32.33,31.75,32.3,33.45,30.25,31.48,32.26,31.15,31.6,35.0,32.66,33.25,32.44,31.28,34.43,33.28,30.81,32.63,31.44,32.45,30.81,31.88,32.0,31.85,31.45,29.59,29.53,32.26,33.37,31.73,31.31,31.2,31.62,32.35,32.67,31.78,33.27,33.1,32.89,31.35,34.61,32.39,33.17,32.17,33.34,33.83,30.28,31.06,31.65,33.21,32.35,33.48,31.61,31.98,31.36,31.47,31.79,30.91,32.6,32.12,30.31,30.28,32.23,31.96,31.7,32.63,32.27,32.41,32.74,33.42,30.37,30.58,32.0,32.06,30.89,31.05,29.79,32.94,31.11,30.8,31.17,30.48,29.94,35.19,29.66,29.64,29.81,31.71,34.39,33.45,32.24,33.45,32.66,31.11,31.13,31.39,32.17,31.85,30.47,30.59,30.88,33.41,30.42,31.82,31.87,33.41,31.28,31.02
discarded,2.226923076923077,1.9708982035928142,0.3514787745308558,2.07,1.97,2.72,2.86,2.12,2.26,2.54,1.92,2.05,1.88,2.14,1.86,1.76,2.38,1.61,2.52,1.83,2.13,2.19,2.49,2.06,2.73,2.58,2.03,2.02,2.02,2.53,2.39,2.45,1.93,2.29,1.56,2.18,1.86,2.57,2.11,2.32,2.66,1.53,2.53,2.39,1.7,2.17,2.0,2.26,1.95,2.67,2.19,2.44,2.02,1.73,2.85,1.65,2.34,2.17,2.93,2.0,1.85,1.81,2.35,2.11,2.0,1.72,2.6,1.6,2.33,1.77,1.62,2.19,2.16,1.94,2.08,1.91,2.11,1.77,2.35,2.67,1.87,2.52,1.77,1.93,2.64,1.75,1.98,1.61,2.35,1.33,1.57,2.22,1.84,1.81,2.62,1.68,2.21,1.74,2.41,1.92,2.52,1.94,1.88,2.31,2.36,2.28,2.49,1.99,1.62,1.83,2.39,2.09,2.11,2.1,1.91,2.23,2.46,2.45,1.84,2.14,1.99,2.04,2.64,1.75,2.16,2.18,1.95,1.73,2.41,1.47,1.87,2.23,2.28,2.02,1.99,2.19,2.01,1.96,2.4,2.54,2.26,2.22,2.24,2.04,2.15,1.39,2.02,2.42,1.4,1.89,1.97,1.79,1.65,2.15,2.54,1.67,1.56,1.45,1.55,2.31,1.82,1.65,1.99,2.44,1.55,2.25,1.91,2.23,1.77,2.13,1.89,1.95,2.08,2.38,2.34,2.17,1.56,2.0,2.19,2.42,2.0,1.65,1.84,2.07,2.07,1.85,1.79,1.62,2.08,1.57,1.8,1.89,2.11,2.13,1.97,1.64,1.92,1.47,1.78,2.22,2.55,2.22,1.69,1.47,2.27,1.84,1.68,2.07,2.07,1.73,2.29,1.4,1.69,2.05,1.75,1.63,1.68,1.79,1.97,2.11,2.4,1.74,1.81,2.06,2.47,2.3,1.64,2.07,2.61,2.27,1.76,2.25,2.11,1.56,1.55,2.16,2.07,1.75,2.33,2.12,1.96,1.6,1.63,2.8,2.15,1.97,2.46,1.88,1.96,1.36,1.61,1.67,2.12,1.75,1.0,1.31,1.77,2.28,1.95,1.68,1.84,1.45,2.11,1.4,1.31,2.25,2.0,2.03,1.7,1.83,1.85,1.7,1.45,2.26,1.9,1.97,1.47,2.21,1.82,2.19,1.9,2.22,1.42,1.83,1.86,1.77,1.78,1.75,1.37,1.39,1.49,1.58,1.78,1.78,1.16,1.85,2.11,1.81,1.58,1.67,1.56,1.6,1.53,1.56,1.41,1.35,2.42,1.6,1.85,1.57,1.5,1.41,2.33,1.23,1.34,1.57,1.69,1.89,2.01,2.21,2.16,1.37,1.87,2.1,1.63,2.1,1.87,1.67,2.29,1.28,2.31,1.26,1.73,1.78,2.09,1.81,1.17
played,21.767384615384618,20.778982035928145,1.4355568902909799,21.34,22.71,24.52,24.21,22.18,22.59,22.44,20.97,20.67,20.75,19.51,19.78,20.86,20.19,20.35,22.23,22.96,19.94,23.49,23.25,21.15,21.39,22.51,19.76,23.0,22.75,20.53,26.45,22.14,20.67,21.37,19.14,22.29,22.25,21.51,20.73,21.37,22.13,20.13,21.08,20.14,20.99,20.78,21.18,19.83,21.28,21.26,20.52,22.41,20.66,20.57,23.88,21.85,20.9,20.6,23.58,22.53,22.75,20.24,24.51,20.89,21.59,21.27,21.82,19.29,20.76,18.47,20.36,20.62,23.2,21.57,21.19,21.27,20.66,21.59,23.38,21.83,20.38,18.86,21.5,21.97,24.26,19.25,18.64,19.64,21.76,21.88,21.71,19.11,22.72,21.52,21.85,22.95,22.25,20.63,20.52,22.56,20.8,20.06,20.69,22.97,23.02,23.83,22.08,20.94,20.9,19.66,21.52,22.23,21.01,20.06,20.66,23.42,20.02,19.37,19.76,21.86,22.29,20.4,22.42,18.85,21.38,20.82,21.57,21.33,21.0,19.24,19.84,19.61,20.82,20.62,20.13,20.67,21.66,20.52,22.14,21.81,20.6,21.43,20.25,19.08,18.78,18.44,19.16,22.11,21.01,19.68,19.05,19.76,22.01,20.24,21.26,20.08,20.72,18.1,20.64,20.19,24.03,19.03,19.52,20.7,20.11,23.06,19.08,19.31,20.75,20.79,22.59,21.65,20.31,20.0,20.57,20.52,20.77,19.98,22.1,23.3,19.18,19.32,19.98,22.26,21.42,20.66,20.82,20.51,18.58,21.0,23.32,20.61,22.09,19.57,21.77,20.57,20.77,19.58,20.78,18.66,22.62,20.77,19.06,20.36,22.92,21.42,22.46,21.7,22.1,20.74,17.87,20.78,20.42,19.98,19.51,20.74,20.24,20.43,18.28,20.51,21.77,20.69,20.47,20.85,21.06,22.88,20.76,21.36,21.64,21.24,20.84,20.4,21.98,18.55,20.13,19.23,18.94,20.63,22.92,22.22,20.72,22.03,19.63,21.3,21.83,19.61,21.05,18.69,20.97,20.2,20.24,19.72,20.47,20.4,18.01,17.68,22.15,21.77,17.77,19.62,19.5,20.25,19.79,20.88,21.8,22.48,20.9,21.1,20.64,24.04,20.77,20.96,21.09,20.34,23.11,17.84,18.8,20.38,20.99,19.53,23.07,19.94,21.25,19.04,18.41,19.82,19.57,20.81,21.02,19.49,17.36,19.42,20.12,20.64,21.65,20.38,21.06,20.59,22.24,21.07,17.91,19.69,20.4,19.79,19.01,18.14,19.7,18.01,18.78,18.43,18.76,18.39,21.79,17.8,17.53,18.08,20.41,22.92,20.73,19.56,22.35,21.69,19.82,18.85,19.06,20.67,21.08,18.38,18.19,20.73,21.5,19.34,19.82,19.97,20.33,19.89,19.55
cost-art,14.548,12.577305389221555,2.2008420275387963,14.28,15.52,22.03,17.56,16.39,14.74,14.34,11.18,13.7,12.95,10.83,10.63,14.78,11.88,12.87,18.05,19.35,13.22,13.22,15.84,13.78,17.33,12.94,14.56,14.6,15.48,14.07,20.3,13.94,13.53,14.83,10.58,13.67,15.35,15.11,14.94,12.82,14.57,15.42,12.53,12.37,13.19,15.42,13.91,13.52,14.03,13.64,13.48,17.5,15.96,13.17,15.78,12.53,13.77,13.77,13.75,13.41,16.93,14.71,16.3,13.86,12.64,12.73,14.36,12.66,14.73,10.42,8.11,12.41,14.91,13.08,13.41,11.91,13.31,11.5,13.6,15.07,11.79,12.6,14.03,15.97,16.0,11.2,10.38,12.31,16.71,13.48,11.64,13.24,14.53,12.33,14.54,20.29,14.47,13.19,14.1,14.26,14.61,12.97,11.92,12.88,12.74,15.54,14.18,14.79,11.29,10.81,13.52,12.99,13.96,11.48,12.64,15.92,9.19,12.14,13.38,13.3,13.79,12.01,14.68,11.39,14.41,12.61,11.43,10.31,14.28,12.35,12.36,11.69,13.23,13.7,11.9,12.94,13.08,12.78,16.93,13.56,12.85,12.76,12.33,10.9,12.29,8.51,10.35,14.75,12.19,10.37,10.07,9.82,13.36,11.15,11.29,14.38,13.93,10.26,14.62,7.51,13.62,10.92,14.1,15.12,12.94,12.35,11.8,12.73,15.49,12.58,12.12,13.19,13.17,12.15,12.82,12.03,14.88,11.12,13.58,13.95,13.74,11.06,9.63,13.93,12.3,11.84,12.8,9.8,12.18,12.93,16.52,14.73,11.67,9.79,12.39,11.06,10.26,10.45,12.16,10.88,16.01,15.82,10.54,13.32,16.42,13.67,12.08,10.56,13.17,11.63,10.69,13.49,9.7,10.12,11.71,11.49,12.7,10.22,8.72,12.25,11.68,13.15,14.09,13.69,9.74,16.53,14.96,11.8,13.65,12.53,10.56,12.32,14.8,12.27,13.76,11.74,7.22,10.08,11.48,11.51,12.26,14.14,11.56,11.56,11.46,11.99,9.47,11.93,14.66,12.05,11.89,9.04,10.22,13.85,9.23,9.86,12.5,11.27,9.98,12.16,10.84,12.85,12.7,11.29,10.9,14.35,12.05,13.43,12.48,14.02,11.86,10.39,14.13,11.84,13.17,8.98,10.69,10.85,14.3,10.12,10.82,13.65,14.99,8.59,9.36,8.05,10.56,12.16,10.42,10.88,8.22,10.59,11.0,11.61,14.65,12.87,10.78,11.04,12.66,12.26,9.21,9.84,13.82,11.38,8.16,8.29,11.17,11.86,11.56,10.28,10.98,8.23,10.83,9.69,8.88,8.73,11.57,10.0,9.96,12.19,12.04,10.58,8.96,10.0,9.5,9.93,12.48,8.19,9.85,13.14,9.58,11.65,14.94,11.58,9.28,11.44,10.93
cost-item,11.189692307692308,10.904491017964071,1.4581193031852653,12.24,10.76,13.66,14.18,12.51,10.12,11.75,10.13,9.5,9.97,10.79,9.45,8.74,11.81,11.14,12.31,11.3,9.5,12.92,10.41,11.35,9.48,10.64,10.19,11.06,12.54,10.76,16.09,10.54,9.74,10.85,10.19,11.23,10.63,12.13,9.43,10.56,11.51,8.18,9.6,10.03,11.69,9.63,9.23,10.3,11.3,9.15,9.9,11.69,9.24,9.28,13.05,9.95,10.79,10.56,12.19,11.01,9.82,9.82,13.12,11.23,10.94,11.01,10.76,9.61,11.27,10.28,12.0,11.34,13.38,11.96,10.14,11.42,10.82,12.11,12.71,10.37,11.58,9.06,11.17,13.08,13.41,11.87,8.4,9.36,11.13,9.49,10.25,9.75,12.53,10.92,10.98,12.53,11.28,9.81,10.55,12.31,9.3,10.34,9.98,12.86,14.44,11.94,10.96,11.86,10.94,10.03,10.93,13.37,9.75,9.77,10.32,11.86,10.92,10.7,8.68,10.23,12.11,12.04,12.63,9.07,9.28,10.55,11.95,12.55,10.56,11.04,10.61,10.29,10.25,12.77,9.17,8.78,10.36,9.75,13.31,9.29,11.62,12.11,8.79,10.01,8.25,10.49,8.37,10.87,10.18,10.01,9.77,13.39,11.2,9.85,12.03,9.62,11.49,7.43,11.48,10.98,11.48,7.46,8.81,10.27,9.18,14.38,9.26,8.71,10.35,9.98,12.05,11.93,9.51,11.44,10.39,11.19,11.4,12.78,12.58,11.68,9.59,10.12,10.44,11.88,10.93,9.95,11.65,11.29,10.06,10.84,11.92,10.32,10.69,9.43,11.79,10.17,13.5,11.81,9.92,9.3,12.01,10.5,11.66,8.45,14.38,14.14,13.04,14.38,10.99,10.99,10.76,9.51,10.87,7.92,8.66,10.61,10.98,10.57,8.29,11.74,13.26,12.84,10.14,11.0,11.28,11.0,9.98,13.16,13.03,11.38,11.22,10.12,10.62,8.61,10.94,10.02,10.96,10.02,12.06,12.1,12.46,9.74,11.18,11.98,10.18,10.22,15.65,10.52,11.16,11.02,9.85,10.29,13.65,10.77,8.05,6.25,12.04,12.54,11.6,10.94,10.57,10.6,9.24,12.58,11.63,11.86,11.51,12.19,11.65,11.59,11.37,12.05,10.71,12.12,14.66,10.35,10.36,13.1,10.94,9.62,12.22,10.46,10.75,8.68,9.34,12.59,10.49,8.93,13.19,8.39,7.94,9.73,10.57,10.57,11.82,11.84,10.88,12.07,13.91,11.28,9.7,11.8,11.3,12.42,11.19,9.81,11.51,9.63,12.35,10.52,8.22,10.04,10.65,9.75,9.2,8.59,10.29,12.13,11.4,10.58,12.49,13.11,11.09,8.87,9.74,11.57,9.24,8.98,8.78,9.74,10.93,10.7,13.22,10.67,10.13,12.55,14.22
guardians,3.6090769230769233,3.4801796407185632,0.344803505089192,3.47,4.05,3.76,3.55,3.53,3.6,3.33,3.5,3.41,3.85,3.43,3.49,3.3,3.55,3.93,3.54,3.85,3.91,3.85,3.62,3.89,3.21,3.52,3.59,3.43,3.29,3.71,3.36,3.79,3.25,3.7,3.54,3.92,3.18,3.69,3.78,3.76,3.72,3.13,3.7,3.7,3.26,3.78,3.68,3.66,3.79,3.69,3.92,3.59,3.03,3.62,3.62,3.48,3.94,3.53,3.27,3.76,3.6,3.75,3.23,3.31,3.68,3.98,3.54,3.57,3.37,3.39,3.38,3.44,3.74,4.08,3.85,3.08,3.68,3.72,3.88,3.73,4.04,3.59,3.27,3.21,3.61,3.38,3.36,3.54,3.4,3.8,3.57,3.14,3.93,3.93,3.33,3.39,3.75,3.73,3.87,3.62,3.47,3.28,3.4,3.52,4.13,3.81,3.49,3.16,3.48,3.08,3.54,3.89,3.43,3.71,3.26,3.43,3.82,3.96,3.04,3.94,2.97,3.47,3.51,3.74,3.77,3.95,3.81,3.52,3.89,3.19,3.51,4.03,3.87,3.05,3.49,3.69,3.72,3.6,3.75,3.39,4.03,2.94,3.62,4.14,3.57,2.93,3.8,3.56,3.61,3.66,3.66,2.97,3.57,3.71,3.54,3.87,3.28,3.93,3.63,3.75,3.26,3.83,3.58,3.61,3.8,3.15,3.88,3.01,3.62,3.56,3.46,3.5,3.38,2.78,3.03,3.6,3.59,3.59,3.35,3.48,3.83,3.19,3.75,3.22,3.49,3.73,3.72,3.84,3.14,3.61,3.98,2.93,3.53,3.92,3.23,3.64,3.22,4.16,3.92,3.21,3.39,3.75,3.74,3.87,3.76,3.98,3.33,2.86,3.68,3.5,3.58,3.31,3.45,4.06,3.64,4.12,3.93,3.36,3.17,3.25,3.71,3.08,3.5,3.31,3.5,3.05,3.38,3.45,3.35,3.86,2.96,3.35,3.53,3.55,2.87,3.52,3.04,3.56,3.45,2.95,2.6,3.48,3.19,2.76,3.85,3.42,3.17,3.65,2.57,4.06,3.07,2.98,3.41,3.6,2.63,3.07,3.56,3.28,3.1,3.46,2.76,3.56,3.3,3.26,2.61,3.1,3.24,3.97,3.99,3.78,3.82,4.01,3.22,3.58,3.47,3.08,3.79,2.65,3.49,3.8,3.82,3.59,3.53,2.89,3.2,2.51,3.67,3.69,3.25,3.55,3.83,3.22,3.67,3.06,3.26,3.41,3.5,3.33,3.18,3.43,3.78,3.08,2.01,2.84,3.73,3.29,2.85,2.95,3.16,3.48,3.88,2.97,2.99,3.4,3.51,3.0,3.6,3.66,3.14,3.79,3.51,3.31,3.47,3.15,3.92,3.23,3.39,3.42,3.17,3.26,3.09,3.2,2.77,3.09,3.47,2.37,2.46
guardians-1,0.0963076923076923,0.13529940119760478,0.09038655823489612,0.07,0.21,0.14,0.06,0.08,0.13,0.0,0.21,0.13,0.05,0.14,0.1,0.06,0.13,0.16,0.04,0.16,0.06,0.16,0.14,0.03,0.15,0.04,0.06,0.13,0.07,0.1,0.04,0.08,0.06,0.07,0.04,0.08,0.04,0.04,0.13,0.04,0.01,0.07,0.05,0.08,0.06,0.21,0.03,0.06,0.12,0.1,0.1,0.12,0.07,0.1,0.05,0.07,0.06,0.02,0.07,0.05,0.09,0.03,0.13,0.08,0.12,0.31,0.06,0.03,0.18,0.15,0.13,0.17,0.06,0.06,0.08,0.15,0.07,0.17,0.05,0.09,0.12,0.08,0.24,0.07,0.04,0.12,0.2,0.07,0.17,0.32,0.57,0.02,0.1,0.1,0.14,0.04,0.2,0.06,0.0,0.13,0.07,0.09,0.07,0.13,0.11,0.08,0.2,0.14,0.23,0.09,0.04,0.09,0.07,0.21,0.17,0.1,0.12,0.06,0.08,0.23,0.28,0.1,0.15,0.09,0.21,0.1,0.05,0.17,0.1,0.35,0.13,0.14,0.11,0.14,0.0,0.11,0.11,0.16,0.08,0.18,0.05,0.26,0.04,0.03,0.05,0.28,0.14,0.08,0.17,0.01,0.13,0.15,0.02,0.17,0.07,0.08,0.12,0.01,0.13,0.31,0.18,0.02,0.02,0.03,0.24,0.08,0.17,0.01,0.06,0.2,0.31,0.15,0.02,0.1,0.12,0.1,0.07,0.07,0.02,0.28,0.2,0.16,0.15,0.15,0.06,0.44,0.08,0.32,0.04,0.07,0.28,0.16,0.14,0.15,0.22,0.06,0.11,0.18,0.06,0.07,0.22,0.09,0.37,0.22,0.08,0.45,0.1,0.2,0.06,0.13,0.2,0.23,0.25,0.1,0.18,0.27,0.11,0.05,0.04,0.21,0.25,0.11,0.23,0.1,0.12,0.11,0.13,0.17,0.08,0.13,0.01,0.05,0.01,0.04,0.03,0.3,0.28,0.26,0.15,0.41,0.08,0.25,0.16,0.04,0.29,0.19,0.04,0.13,0.06,0.37,0.13,0.06,0.32,0.15,0.04,0.11,0.16,0.26,0.06,0.05,0.02,0.2,0.07,0.06,0.08,0.18,0.12,0.13,0.25,0.15,0.24,0.14,0.19,0.13,0.25,0.09,0.24,0.1,0.2,0.22,0.26,0.16,0.11,0.05,0.15,0.08,0.16,0.11,0.18,0.21,0.14,0.17,0.28,0.36,0.28,0.21,0.13,0.33,0.2,0.13,0.25,0.18,0.0,0.11,0.27,0.03,0.17,0.13,0.19,0.06,0.11,0.25,0.28,0.15,0.09,0.32,0.08,0.21,0.13,0.23,0.06,0.4,0.07,0.1,0.24,0.23,0.31,0.09,0.07,0.31,0.17,0.11,0.15,0.07,0.28,0.16,0.17
guardians-2,0.796,0.7744910179640718,0.12582536485781903,0.71,0.88,0.97,0.86,0.65,0.71,0.68,0.5,0.82,0.9,0.67,0.75,0.78,0.74,0.85,0.91,0.79,0.96,0.9,0.81,0.93,0.7,0.61,0.83,0.71,0.97,0.8,0.89,0.81,0.81,0.67,0.82,0.95,0.66,0.83,0.73,0.7,0.83,0.69,0.88,0.78,0.86,0.88,0.87,0.71,0.8,0.82,0.88,0.81,0.74,0.92,0.82,0.82,0.92,0.88,0.65,0.91,0.75,0.85,0.67,0.65,0.82,0.91,0.79,0.78,0.59,0.74,0.62,0.8,0.84,0.94,0.85,0.69,0.77,0.74,0.71,0.84,0.81,0.71,0.78,0.82,0.77,0.87,0.77,0.89,0.69,0.92,0.68,0.67,0.83,0.92,0.54,0.79,0.74,0.78,0.91,0.77,0.85,0.56,0.77,0.85,0.94,0.96,0.73,0.82,0.83,0.68,0.8,0.92,0.73,0.74,0.79,1.02,0.88,0.81,0.8,0.78,0.68,0.73,0.67,0.89,0.96,0.86,0.89,0.7,0.91,0.66,0.76,0.79,0.83,0.66,0.71,0.92,0.9,0.82,0.9,0.85,1.03,0.62,0.84,0.96,0.72,0.73,0.85,0.76,0.78,0.8,0.91,0.52,0.8,0.98,0.74,0.79,0.79,0.93,0.71,0.78,0.8,0.74,0.81,0.9,0.68,0.77,0.8,0.67,0.83,0.77,0.77,0.85,0.66,0.42,0.72,0.91,0.81,0.9,0.77,0.64,0.79,0.77,0.83,0.74,0.76,0.77,0.85,0.87,0.9,0.95,0.93,0.69,0.68,0.69,0.68,0.87,0.75,0.81,0.83,0.69,0.83,0.94,0.79,0.78,0.88,1.02,0.72,0.72,0.81,0.84,0.71,0.63,0.7,0.88,0.83,0.94,0.76,0.77,0.73,0.75,0.96,0.64,0.75,0.79,0.84,0.65,0.69,0.68,0.75,0.83,0.27,0.69,0.88,0.81,0.64,0.84,0.48,0.69,0.77,0.46,0.53,0.84,0.76,0.51,0.79,0.7,0.82,0.82,0.64,1.02,0.72,0.73,0.64,0.78,0.48,0.64,0.75,0.76,0.85,0.99,0.2,0.8,0.85,0.78,0.73,0.53,0.78,0.88,0.98,0.85,0.86,0.88,0.84,0.94,0.83,0.7,0.92,0.63,0.91,0.89,0.79,0.78,0.76,0.53,0.73,0.46,0.83,1.0,0.88,0.77,0.93,0.71,0.92,0.7,0.83,0.75,0.75,0.59,0.7,0.65,0.72,0.65,0.33,0.47,0.95,0.43,0.57,0.52,0.85,0.73,0.99,0.65,0.65,0.83,0.78,0.59,0.88,0.84,0.84,0.9,0.8,0.68,0.82,0.51,0.96,0.67,0.85,0.83,0.76,0.88,0.83,0.88,0.54,0.73,0.77,0.44,0.61
guardians-3,0.9469230769230769,0.9002994011976048,0.1057189040158241,0.9,1.08,0.93,0.9,0.88,0.91,0.89,1.0,0.79,0.93,0.97,0.89,0.85,0.88,1.0,0.87,0.97,1.03,1.01,1.04,0.99,0.79,0.97,0.94,0.96,0.89,0.97,0.89,0.97,0.91,1.04,1.06,0.92,0.93,0.96,1.16,1.02,0.95,0.88,0.9,1.0,0.82,1.04,0.96,0.93,1.0,0.95,0.96,1.0,0.82,0.88,0.87,0.95,1.01,0.88,0.79,1.07,0.86,1.01,0.83,0.86,0.99,1.06,0.83,0.93,0.92,0.9,0.91,0.87,0.93,1.16,0.97,0.81,1.04,1.03,1.07,0.96,1.05,0.99,0.79,0.87,0.94,0.77,0.89,0.93,0.95,0.93,0.79,0.81,1.1,1.0,0.98,0.83,0.86,1.01,0.98,0.78,0.94,0.88,0.89,0.88,1.01,0.98,0.9,0.68,0.9,0.87,0.87,1.05,0.83,0.95,0.94,0.82,0.94,1.05,0.88,1.03,0.8,0.92,0.95,0.99,1.03,0.99,0.95,0.88,0.94,0.77,0.83,1.08,1.07,0.84,0.89,0.83,0.93,0.9,0.91,0.86,0.97,0.67,1.03,0.99,0.98,0.76,0.97,0.85,0.95,0.97,1.0,0.88,0.93,0.88,0.96,1.04,0.92,1.0,0.9,0.92,0.87,1.08,0.97,0.96,0.94,0.92,0.95,1.09,0.98,0.88,0.83,0.78,1.06,0.79,0.83,0.97,0.98,0.96,0.84,0.95,1.1,0.88,0.93,0.78,0.88,0.84,0.98,0.93,0.88,0.95,1.0,0.75,0.97,1.08,0.78,0.96,0.8,1.12,1.0,1.13,0.9,1.01,0.95,1.02,1.04,0.98,0.79,0.77,0.99,0.87,0.93,0.82,0.89,1.0,0.98,0.95,0.94,0.88,0.73,0.82,1.01,0.86,0.9,0.69,0.94,0.93,0.91,0.77,0.9,0.93,0.79,0.91,0.91,0.96,0.7,1.03,0.7,0.91,0.97,0.8,0.63,0.92,0.88,0.75,0.86,0.84,0.68,1.05,0.84,0.97,0.85,0.74,0.86,0.89,0.69,0.92,0.87,0.79,0.85,0.84,0.8,0.89,0.9,0.77,0.69,0.65,0.83,1.07,0.99,0.98,0.97,0.98,0.78,0.92,0.83,0.82,0.84,0.58,0.93,0.94,0.98,0.9,1.05,0.69,0.71,0.59,0.85,0.92,0.75,0.88,0.97,0.93,0.91,0.73,0.81,0.88,0.84,0.81,0.82,0.98,1.02,0.75,0.44,0.75,0.91,0.85,0.73,0.74,0.77,0.99,0.94,0.7,0.76,0.9,0.78,0.84,0.94,0.76,0.8,0.98,1.0,0.81,0.82,0.86,0.98,0.77,0.82,0.96,0.9,0.82,0.75,0.85,0.76,0.87,0.9,0.68,0.61
guardians-4,1.0004615384615385,0.9564371257485029,0.10952340350279932,0.94,1.02,1.17,0.92,0.98,1.0,0.95,1.05,0.94,1.02,0.92,0.95,0.93,0.98,1.03,0.94,1.15,1.04,1.06,0.92,1.17,0.85,1.16,0.95,0.94,0.86,1.1,0.89,1.05,0.94,1.19,0.94,1.08,0.83,1.03,1.06,1.12,0.97,0.92,1.1,1.08,0.88,0.93,0.93,1.11,0.96,0.98,1.07,1.06,0.88,1.0,1.08,0.88,1.02,0.98,0.95,1.07,0.87,1.03,0.93,0.95,1.02,1.02,1.01,1.03,1.04,0.94,1.08,0.93,0.99,1.1,1.14,0.81,0.94,0.95,1.11,1.06,1.13,0.97,0.89,0.88,1.07,0.91,0.95,0.91,0.94,0.95,0.89,0.87,1.06,1.04,0.92,0.95,1.0,1.02,1.12,1.04,1.02,0.94,0.96,1.02,1.13,1.1,0.89,0.76,1.04,0.86,1.04,1.01,0.92,0.95,0.85,0.97,1.06,1.15,0.85,1.03,0.72,0.97,0.97,1.03,0.99,1.12,1.14,0.95,1.1,0.83,1.12,1.14,1.0,0.81,1.01,1.03,1.03,0.9,1.09,0.9,1.02,0.8,0.93,1.17,0.98,0.78,0.99,1.06,0.95,1.04,0.96,0.76,1.04,0.95,1.0,1.1,0.86,1.06,1.02,0.92,0.88,1.06,0.99,0.93,1.04,0.75,1.1,0.76,0.95,0.87,0.88,1.03,0.84,0.76,0.84,0.98,0.89,1.04,1.04,0.97,1.08,0.87,1.06,0.86,1.01,0.96,1.08,0.91,0.93,0.98,0.96,0.83,1.07,1.08,0.86,0.94,0.86,1.22,1.12,0.92,0.92,1.07,0.88,1.04,1.07,1.0,0.91,0.72,1.06,0.97,1.02,0.94,0.97,1.16,1.06,1.08,1.21,1.02,0.83,0.84,0.86,0.81,0.95,0.94,0.98,0.89,0.94,0.97,0.93,1.07,0.85,1.04,0.9,0.98,0.8,0.76,0.94,0.96,0.86,0.85,0.82,0.92,0.89,0.77,1.03,0.97,0.84,1.09,0.67,0.95,0.92,0.9,0.93,1.07,0.85,0.85,1.0,0.9,0.8,0.95,0.82,1.03,0.99,1.05,0.8,0.95,0.8,1.15,0.91,0.98,1.02,1.03,0.91,0.99,0.94,0.83,1.03,0.79,0.86,0.99,1.12,1.0,0.89,0.87,0.88,0.72,0.97,0.94,0.79,1.04,0.99,0.94,1.0,0.75,0.77,0.97,1.01,0.93,0.85,1.11,1.08,0.75,0.46,0.85,0.95,1.0,0.92,0.97,0.82,0.97,1.09,0.82,0.9,0.88,0.96,0.7,0.94,1.05,0.86,0.95,0.98,0.81,1.02,0.9,0.94,0.83,0.95,0.95,0.85,0.77,0.82,0.92,0.82,0.84,0.97,0.58,0.63
guardians-5,0.7692307692307693,0.7133532934131737,0.13759893313733312,0.85,0.86,0.55,0.81,0.94,0.85,0.81,0.74,0.73,0.95,0.73,0.8,0.68,0.82,0.88,0.78,0.78,0.82,0.72,0.71,0.77,0.73,0.74,0.81,0.69,0.5,0.74,0.65,0.88,0.53,0.73,0.68,0.89,0.72,0.83,0.7,0.88,0.96,0.57,0.77,0.76,0.64,0.72,0.89,0.85,0.91,0.84,0.92,0.59,0.52,0.72,0.8,0.75,0.93,0.77,0.81,0.66,1.03,0.83,0.67,0.77,0.73,0.68,0.85,0.8,0.64,0.66,0.64,0.67,0.92,0.82,0.81,0.62,0.86,0.83,0.94,0.78,0.93,0.84,0.57,0.57,0.79,0.71,0.55,0.74,0.65,0.68,0.64,0.77,0.84,0.87,0.75,0.78,0.95,0.86,0.86,0.9,0.59,0.81,0.71,0.64,0.94,0.69,0.77,0.76,0.48,0.58,0.78,0.82,0.88,0.85,0.51,0.52,0.82,0.89,0.43,0.87,0.48,0.76,0.77,0.74,0.58,0.88,0.78,0.81,0.84,0.58,0.67,0.88,0.86,0.6,0.88,0.81,0.75,0.82,0.77,0.6,0.96,0.59,0.78,0.99,0.84,0.39,0.85,0.81,0.76,0.83,0.66,0.67,0.78,0.73,0.77,0.86,0.59,0.93,0.87,0.83,0.53,0.93,0.79,0.79,0.9,0.63,0.86,0.48,0.78,0.84,0.67,0.68,0.8,0.71,0.52,0.64,0.84,0.62,0.68,0.64,0.66,0.51,0.78,0.68,0.78,0.72,0.73,0.81,0.39,0.66,0.81,0.5,0.67,0.92,0.69,0.81,0.7,0.83,0.91,0.4,0.52,0.64,0.75,0.81,0.69,0.53,0.81,0.45,0.76,0.69,0.72,0.69,0.64,0.92,0.59,0.88,0.91,0.64,0.84,0.61,0.63,0.66,0.67,0.79,0.62,0.47,0.71,0.86,0.69,0.9,1.04,0.66,0.83,0.76,0.7,0.59,0.64,0.74,0.7,0.41,0.54,0.55,0.5,0.69,0.87,0.72,0.79,0.56,0.36,0.75,0.45,0.55,0.66,0.71,0.57,0.56,0.78,0.57,0.54,0.63,0.92,0.64,0.49,0.6,0.31,0.79,0.71,0.74,0.86,0.82,0.72,0.98,0.5,0.6,0.62,0.64,0.76,0.56,0.59,0.76,0.67,0.75,0.72,0.75,0.73,0.67,0.86,0.72,0.65,0.65,0.8,0.47,0.56,0.52,0.57,0.6,0.77,0.67,0.6,0.57,0.71,0.75,0.78,0.66,0.66,0.98,0.46,0.59,0.53,0.73,0.75,0.55,0.4,0.64,0.9,0.54,0.76,0.79,0.51,0.73,0.67,0.61,0.73,0.78,0.8,0.73,0.46,0.59,0.59,0.48,0.52,0.44,0.5,0.58,0.55,0.51,0.44
sites-activated,13.744769230769231,13.333592814371258,0.5893705315773391,14.05,13.47,15.72,13.47,14.39,14.05,13.22,12.55,12.94,13.93,12.77,13.54,13.0,13.21,13.15,14.08,15.04,13.29,14.25,14.38,13.98,14.36,13.4,13.51,13.53,14.19,13.36,14.83,13.74,13.95,13.53,12.21,13.76,13.92,13.39,13.33,13.11,13.61,12.87,13.08,12.97,13.45,13.86,13.28,13.05,13.69,13.52,13.37,13.84,13.4,14.33,14.36,13.82,14.15,13.04,14.05,13.48,14.31,13.77,14.03,13.11,13.85,13.2,14.49,12.69,13.45,13.29,12.34,13.25,14.31,13.41,13.96,13.38,13.77,13.2,13.08,13.65,12.79,12.9,13.63,14.59,14.43,12.97,12.23,12.86,14.12,13.58,12.93,13.59,13.29,13.76,13.98,13.97,14.04,13.37,13.61,13.6,14.44,12.75,13.03,13.82,14.58,14.27,14.01,13.6,13.54,12.93,13.91,13.97,14.04,13.11,13.13,14.02,13.14,12.57,12.87,13.8,12.66,13.74,14.56,13.15,13.66,13.32,13.19,12.84,13.73,12.93,12.5,12.65,13.36,13.19,13.01,13.94,13.59,13.08,14.0,14.01,12.83,12.89,13.0,12.94,12.78,12.23,13.32,13.22,13.2,13.09,12.73,13.52,13.88,12.73,13.23,13.13,12.99,13.18,14.01,13.17,13.47,13.04,13.78,13.39,13.07,14.1,12.78,12.86,13.48,13.35,13.46,13.44,13.89,13.14,14.1,12.93,13.35,12.32,13.58,13.57,12.97,12.86,13.26,13.81,13.95,12.85,13.76,12.65,12.55,13.7,13.64,13.58,14.15,12.7,13.38,12.72,13.35,13.0,13.51,13.36,13.8,13.82,12.53,13.37,13.84,12.83,13.22,12.9,12.99,13.66,12.79,13.05,12.74,13.03,13.75,12.82,13.84,13.41,13.2,12.56,13.06,13.38,13.09,12.85,13.26,14.59,12.92,13.25,13.63,12.82,13.67,13.63,13.61,14.11,13.55,13.11,12.69,13.56,13.38,12.73,13.53,13.28,13.4,13.78,13.53,12.76,12.31,12.83,12.98,12.11,13.51,12.47,12.25,14.11,12.92,12.9,12.53,12.63,11.86,13.19,13.02,13.49,13.91,12.81,13.49,15.09,13.2,13.55,12.77,13.52,12.89,13.76,13.22,14.14,13.6,11.88,11.9,13.17,13.39,12.61,13.33,13.36,13.66,13.29,13.31,12.36,12.24,13.59,12.54,13.33,12.44,12.01,13.05,13.41,13.11,13.56,12.97,12.74,13.53,12.72,13.0,13.35,15.17,13.27,13.01,12.84,12.85,12.95,12.49,13.67,13.46,12.69,12.86,13.18,12.2,12.89,13.08,12.92,12.68,12.65,12.73,13.07,13.13,13.44,13.38,13.43,13.73,12.38,14.2,13.52,13.33,12.41,14.05,13.76,12.76,12.75,12.1
sites-activated-basic,5.4541538461538455,5.246347305389222,0.5520498076513136,5.86,4.82,6.28,4.74,6.08,6.18,5.37,5.26,4.79,5.58,5.34,5.6,5.54,5.3,5.18,5.33,5.54,5.52,5.68,6.08,5.29,5.12,5.61,5.76,5.27,5.45,5.33,5.34,5.89,5.01,4.95,4.42,5.51,5.99,5.08,4.87,5.38,5.58,5.39,5.63,5.3,5.19,5.52,4.52,5.76,5.16,5.93,6.01,4.78,5.79,5.03,5.97,5.5,6.19,5.44,5.15,5.42,5.41,5.87,6.05,5.27,5.52,4.32,5.85,5.51,5.24,4.89,4.4,5.06,5.7,4.87,5.9,5.45,5.53,4.92,5.08,5.41,4.14,5.35,5.5,5.85,5.66,4.77,4.3,4.45,5.5,5.49,4.43,5.93,5.13,5.31,5.67,5.75,4.89,5.12,5.46,5.91,5.33,4.94,5.25,4.74,5.76,5.4,5.79,5.54,5.52,5.12,6.11,5.59,5.61,5.21,5.47,5.28,5.45,4.87,5.82,4.92,4.22,5.51,5.6,4.7,5.35,4.94,4.86,4.97,5.41,4.83,4.59,4.84,5.37,5.07,5.49,6.64,4.74,5.4,5.19,5.24,5.2,5.66,5.23,5.26,5.45,5.1,5.44,5.6,5.35,5.82,4.31,5.52,5.81,4.78,4.81,5.49,4.99,5.78,5.43,4.98,5.19,5.32,5.76,5.29,5.3,6.02,4.23,4.55,5.2,5.4,4.85,5.09,5.18,6.03,5.6,4.43,5.51,5.27,5.25,4.69,4.37,5.33,5.37,5.16,5.83,4.82,4.86,4.68,5.73,5.08,4.96,5.85,5.23,4.55,4.73,4.32,5.46,5.7,5.42,4.55,5.13,4.96,4.32,5.25,5.25,4.23,5.91,4.47,5.51,5.95,5.3,5.52,5.33,5.2,5.31,4.65,5.34,5.32,5.69,5.26,4.36,4.4,4.82,4.98,5.36,5.83,4.77,5.59,5.77,5.29,6.67,5.72,5.64,5.8,5.58,4.64,4.85,5.53,5.02,4.8,6.19,4.9,4.94,5.4,5.14,5.05,5.13,5.01,5.77,4.11,5.05,4.86,4.52,5.59,5.98,5.43,4.37,4.19,4.74,4.93,6.45,5.53,5.8,5.01,5.08,5.88,4.98,5.16,4.9,5.44,4.88,5.59,5.24,5.39,4.71,3.87,3.98,5.88,5.25,5.29,4.91,5.17,5.79,5.8,4.68,5.26,4.21,5.18,4.07,5.08,4.7,3.5,5.25,5.69,5.21,5.65,5.03,4.07,5.12,5.93,4.36,5.96,8.23,5.6,4.09,6.39,4.46,5.4,4.0,5.58,5.22,5.55,3.58,5.3,5.26,4.78,5.36,4.5,4.66,5.0,4.98,4.59,5.6,6.08,4.75,5.57,5.34,4.58,6.58,5.22,5.18,5.07,6.05,5.87,4.44,6.0,4.56
sites-activated-small,5.108153846153846,5.181167664670658,0.7290992521953971,5.3,4.99,5.55,5.09,3.9,5.58,4.52,5.11,4.86,5.58,5.44,5.34,3.64,5.25,5.33,5.35,6.26,4.12,5.12,4.73,5.62,5.45,5.05,4.65,5.22,5.49,4.89,6.65,4.43,5.67,5.63,4.71,5.73,5.12,5.46,5.53,4.15,4.86,3.77,4.35,4.43,5.26,5.1,5.2,3.54,5.23,4.66,4.07,5.53,3.74,6.65,5.13,5.53,4.22,4.88,6.28,5.01,6.03,5.15,4.66,4.41,5.54,6.16,5.45,3.01,4.54,4.37,4.94,6.16,5.81,5.5,4.92,5.28,5.05,5.85,5.53,5.1,5.8,5.33,4.22,5.81,5.32,5.48,4.98,6.1,5.4,4.75,5.89,3.3,5.83,5.03,6.04,5.34,7.02,5.71,4.57,5.11,5.99,5.53,4.58,5.38,4.43,5.43,5.47,4.82,5.15,4.82,4.33,4.72,5.36,5.21,5.17,6.25,5.19,4.52,3.59,6.16,5.41,5.62,5.66,5.86,5.79,5.0,5.08,5.44,5.44,5.07,4.85,5.02,5.03,4.55,4.64,5.03,5.85,5.32,5.66,6.34,4.02,4.08,4.32,4.9,5.01,5.02,5.11,5.05,5.27,5.18,4.95,5.58,5.81,5.85,5.35,4.6,4.8,4.19,5.1,5.95,5.26,4.69,4.69,5.01,4.21,5.54,5.8,6.13,5.65,4.9,5.78,5.44,6.04,5.4,5.99,5.91,5.04,3.22,3.93,6.59,5.79,4.69,5.44,5.7,5.37,4.93,4.95,5.09,3.99,5.24,5.91,5.49,6.22,4.95,6.01,6.23,5.46,4.68,4.23,6.87,6.12,5.51,6.11,5.84,5.24,6.21,3.99,6.52,5.12,4.86,4.56,4.48,4.85,5.63,6.11,6.01,5.45,5.59,4.13,4.67,6.63,6.18,5.62,5.27,5.45,6.06,3.97,5.8,4.75,4.83,4.18,5.14,4.54,5.18,4.3,6.46,5.61,6.02,5.22,6.15,3.68,5.28,4.48,5.09,5.71,4.46,5.15,4.55,4.25,4.95,5.86,4.75,4.52,5.98,2.42,4.25,5.74,6.23,4.37,4.84,4.14,4.85,4.3,4.66,6.9,6.73,5.61,4.92,4.79,5.45,5.47,6.1,4.87,5.31,6.78,4.93,4.08,5.31,5.3,4.6,6.26,5.7,5.0,4.51,5.73,5.95,6.22,5.13,5.63,4.79,4.4,5.55,4.42,4.6,4.57,4.63,5.62,5.07,6.27,5.3,5.45,4.28,2.93,4.44,6.03,4.15,5.57,4.11,4.83,5.54,4.39,5.33,6.56,6.07,5.22,6.11,4.87,5.47,5.66,5.33,4.88,6.17,6.0,4.05,5.41,5.67,5.32,5.1,4.44,5.96,5.21,4.14,4.29,5.36,5.98,4.63,4.39
sites-activated-big,3.182769230769231,2.906137724550898,0.5635662870984796,2.89,3.66,3.9,3.64,4.41,2.29,3.33,2.18,3.29,2.77,1.99,2.6,3.82,2.66,2.64,3.4,3.24,3.65,3.45,3.57,3.07,3.79,2.74,3.1,3.04,3.25,3.14,2.84,3.42,3.27,2.95,3.08,2.52,2.81,2.85,2.93,3.58,3.17,3.71,3.11,3.24,3.0,3.24,3.56,3.75,3.3,2.93,3.29,3.53,3.87,2.65,3.26,2.8,3.74,2.72,2.62,3.05,2.87,2.75,3.32,3.43,2.79,2.72,3.19,4.17,3.67,4.03,3.0,2.03,2.8,3.04,3.14,2.65,3.19,2.43,2.47,3.14,2.85,2.22,3.91,2.93,3.45,2.72,2.95,2.31,3.22,3.34,2.61,4.36,2.33,3.42,2.27,2.88,2.13,2.54,3.58,2.58,3.12,2.28,3.2,3.7,4.39,3.44,2.75,3.24,2.88,2.99,3.48,3.66,3.07,2.69,2.49,2.49,2.49,3.18,3.46,2.72,3.03,2.62,3.3,2.59,2.52,3.38,3.24,2.44,2.88,3.03,3.06,2.79,2.96,3.57,2.88,2.28,3.0,2.36,3.15,2.43,3.61,3.15,3.45,2.78,2.32,2.11,2.77,2.57,2.58,2.09,3.47,2.42,2.26,2.1,3.07,3.04,3.2,3.21,3.48,2.24,3.02,3.03,3.33,3.09,3.56,2.54,2.75,2.18,2.63,3.05,2.83,2.91,2.67,1.71,2.51,2.59,2.8,3.83,4.4,2.29,2.81,2.84,2.45,2.95,2.75,3.1,3.95,2.88,2.83,3.38,2.77,2.24,2.7,3.2,2.64,2.17,2.43,2.62,3.86,1.94,2.55,3.35,2.1,2.28,3.35,2.39,3.32,1.91,2.36,2.85,2.93,3.05,2.56,2.2,2.33,2.16,3.05,2.5,3.37,2.63,2.07,2.8,2.65,2.6,2.45,2.7,4.18,1.86,3.11,2.7,2.82,2.77,3.43,3.13,3.67,2.01,2.22,2.01,3.14,1.78,3.66,3.1,3.98,3.29,2.68,3.25,2.03,3.27,2.96,3.05,2.6,2.86,3.21,2.54,4.52,3.22,2.42,2.21,2.75,3.42,2.43,3.11,3.81,3.14,1.51,2.48,2.61,3.47,3.08,2.63,2.54,2.07,3.11,3.44,2.11,3.08,3.84,1.98,2.84,2.72,2.16,2.49,2.87,2.99,2.9,1.15,1.81,3.28,2.84,3.46,3.34,2.96,3.38,3.12,3.33,3.27,2.32,3.59,2.14,1.48,3.19,3.11,4.01,3.23,2.89,2.3,2.82,3.44,3.66,2.55,3.85,1.81,2.72,1.81,1.72,2.0,2.85,2.95,2.36,2.32,2.86,2.31,1.53,3.31,3.22,2.2,3.07,2.7,3.18,2.34,2.94,3.2,3.71,2.53,2.34,2.12,3.15
sites-discovered,3.758153846153846,3.71502994011976,0.3411733406204924,3.68,4.31,3.9,3.83,3.88,3.54,3.74,3.0,3.42,4.05,3.38,3.66,3.5,3.54,3.88,3.7,3.92,4.07,4.09,3.86,4.02,3.82,3.66,3.45,3.59,3.36,3.7,3.73,3.68,3.83,3.73,3.25,3.78,3.51,3.98,4.02,3.69,3.85,3.45,3.72,3.7,3.53,3.95,3.85,3.66,3.89,3.84,3.6,3.88,3.41,3.92,3.65,3.58,3.82,3.3,4.01,3.73,3.23,4.08,3.45,3.81,4.22,3.97,3.61,3.6,3.9,3.87,3.36,3.53,3.91,4.14,3.83,3.45,3.62,3.97,3.65,3.62,4.56,3.99,3.63,3.07,4.13,3.23,3.73,4.04,3.84,3.89,4.36,3.31,3.73,3.96,3.77,3.4,4.2,3.96,3.98,3.43,3.97,3.94,3.43,4.11,4.36,3.77,3.77,3.29,3.38,3.36,3.46,4.18,3.42,4.31,3.17,3.9,4.02,3.99,3.14,4.01,3.38,3.99,3.75,4.18,3.89,4.1,4.11,3.69,4.08,4.22,3.7,4.02,3.72,3.22,3.61,3.5,3.93,3.88,3.9,3.32,3.59,3.39,3.74,3.98,3.97,3.54,4.16,3.97,3.8,3.24,4.17,3.48,3.92,3.63,3.63,4.28,3.73,3.93,4.14,4.1,3.51,3.86,3.78,3.94,4.18,3.31,4.11,3.44,3.88,3.61,3.57,3.75,3.63,3.1,3.47,3.84,3.68,3.58,3.41,3.56,4.1,3.37,3.75,3.45,4.1,3.89,3.96,3.93,2.92,3.69,4.23,3.65,3.97,3.83,3.73,3.9,3.43,3.74,4.1,3.2,3.47,3.82,4.16,4.06,3.77,4.09,3.2,3.69,3.72,3.71,3.97,3.49,3.79,3.82,3.76,4.15,4.12,4.07,3.2,3.54,4.33,4.08,3.79,4.1,3.47,3.26,3.97,3.57,3.86,4.0,2.69,3.6,3.8,4.1,2.86,3.69,3.37,3.94,3.77,3.41,2.97,3.55,3.61,3.41,3.95,3.74,2.89,4.15,3.02,4.17,4.0,3.85,3.67,3.56,2.61,3.35,3.19,3.55,3.48,3.69,2.85,3.97,3.56,3.56,3.12,3.97,3.1,4.01,3.97,3.88,4.16,3.83,3.75,3.89,3.56,3.46,4.36,2.75,3.78,4.2,4.07,3.52,3.91,3.12,3.92,3.44,3.86,3.82,3.93,3.91,4.07,4.05,3.75,3.5,3.82,3.87,3.68,3.63,3.31,3.3,4.08,3.4,2.16,3.63,4.01,2.99,3.66,3.98,3.8,3.68,3.51,3.56,3.76,3.93,4.09,3.35,3.91,3.37,3.75,4.07,3.92,3.68,3.64,3.52,4.19,3.93,3.96,3.6,3.51,3.58,3.35,3.46,3.63,3.68,4.26,2.79,2.72
sites-discovered-small,2.390769230769231,2.4412874251497008,0.39106363931149163,2.56,2.31,2.21,2.34,2.14,2.59,2.31,2.16,2.1,2.8,2.56,2.42,1.91,2.26,2.66,2.37,2.43,2.46,2.34,2.34,2.82,2.33,2.51,2.19,2.02,2.18,2.54,2.64,2.08,2.52,2.73,2.24,2.82,2.52,2.91,2.79,2.24,2.48,1.88,2.08,2.41,2.31,2.65,2.48,2.08,2.62,2.26,1.96,2.53,1.82,2.87,2.18,2.48,2.03,2.29,2.69,2.45,2.17,2.91,2.53,2.34,2.66,2.83,2.22,1.53,2.31,2.06,2.08,2.79,2.77,2.84,2.43,2.27,2.04,2.98,2.65,2.24,3.26,2.88,2.02,2.34,2.57,2.17,2.11,3.32,2.58,2.16,3.21,1.38,2.85,2.26,2.76,2.3,3.05,2.85,2.33,2.31,2.7,2.91,2.13,2.4,2.25,2.39,2.42,1.76,2.12,2.32,1.76,2.53,2.28,2.71,2.51,2.94,2.76,2.74,1.54,2.76,2.18,2.82,2.41,3.09,2.7,2.74,2.65,2.42,2.81,2.86,2.55,2.79,2.63,1.6,2.55,2.64,2.68,2.67,2.71,2.52,2.0,1.84,2.3,2.7,2.8,2.59,2.61,2.74,2.54,2.38,2.52,2.76,2.83,3.02,2.37,2.73,2.28,2.14,2.8,2.73,2.35,2.64,2.42,2.72,2.31,2.33,2.83,2.48,2.82,2.38,2.49,2.35,2.52,2.32,2.47,2.73,2.32,1.79,1.58,2.71,3.07,2.3,2.62,2.09,2.78,2.49,2.36,2.45,1.65,2.29,2.84,2.76,2.61,2.37,2.69,3.05,2.36,2.08,2.34,2.59,2.71,2.51,3.14,3.19,2.64,3.1,1.56,2.67,2.53,2.48,2.3,2.11,2.64,2.94,2.87,2.95,2.71,2.47,1.47,2.58,3.15,3.0,2.57,2.88,2.53,2.21,2.13,2.64,2.35,2.54,1.41,2.54,2.15,2.56,1.46,3.07,2.27,3.0,2.55,2.61,1.39,2.29,1.92,2.05,2.5,2.28,2.22,2.91,2.22,2.53,2.77,2.4,2.08,2.68,0.53,1.97,2.15,2.71,2.13,2.33,1.95,2.36,2.09,2.24,2.47,2.87,2.24,2.42,2.5,2.54,3.08,2.66,2.65,2.49,2.52,2.14,2.23,1.85,2.57,2.34,3.29,2.62,2.58,1.65,2.63,2.54,3.0,2.34,2.56,2.52,2.44,2.74,2.28,2.01,2.4,2.24,2.6,2.11,2.64,2.63,2.72,1.94,0.69,2.08,2.66,1.62,2.47,2.31,2.15,2.65,1.9,2.71,2.91,3.18,3.13,2.7,2.39,2.18,2.7,2.84,2.43,2.66,2.71,2.04,2.52,2.8,2.55,2.27,1.87,2.76,2.27,2.13,1.98,2.59,3.12,1.58,1.66
sites-discovered-big,1.3672307692307692,1.273622754491018,0.297358321512229,1.12,2.0,1.69,1.49,1.73,0.96,1.43,0.84,1.32,1.25,0.82,1.24,1.59,1.28,1.22,1.33,1.49,1.61,1.75,1.52,1.2,1.48,1.16,1.26,1.57,1.18,1.16,1.09,1.6,1.31,1.0,1.01,0.96,0.99,1.07,1.23,1.45,1.37,1.57,1.64,1.29,1.22,1.3,1.37,1.58,1.27,1.57,1.64,1.34,1.59,1.05,1.47,1.1,1.79,1.01,1.32,1.28,1.06,1.17,0.92,1.47,1.56,1.14,1.39,2.07,1.59,1.81,1.28,0.74,1.14,1.3,1.4,1.18,1.58,0.99,1.0,1.38,1.3,1.11,1.61,0.73,1.56,1.06,1.62,0.72,1.26,1.73,1.14,1.93,0.88,1.7,1.01,1.1,1.15,1.11,1.65,1.12,1.27,1.03,1.3,1.71,2.11,1.38,1.35,1.53,1.25,1.04,1.7,1.65,1.14,1.6,0.66,0.96,1.26,1.25,1.6,1.25,1.2,1.17,1.34,1.09,1.19,1.36,1.46,1.27,1.27,1.36,1.15,1.23,1.09,1.62,1.06,0.86,1.25,1.21,1.19,0.8,1.59,1.55,1.44,1.28,1.17,0.96,1.55,1.23,1.26,0.86,1.65,0.73,1.09,0.61,1.26,1.55,1.45,1.79,1.34,1.37,1.16,1.22,1.36,1.22,1.87,0.98,1.28,0.96,1.06,1.23,1.08,1.4,1.11,0.78,1.0,1.11,1.36,1.79,1.83,0.85,1.03,1.07,1.13,1.35,1.32,1.4,1.6,1.48,1.27,1.4,1.39,0.89,1.36,1.46,1.04,0.85,1.07,1.66,1.76,0.61,0.76,1.31,1.02,0.87,1.13,0.99,1.64,1.02,1.19,1.23,1.67,1.38,1.15,0.88,0.89,1.2,1.41,1.6,1.73,0.96,1.18,1.08,1.22,1.23,0.94,1.05,1.84,0.93,1.51,1.46,1.28,1.06,1.65,1.54,1.4,0.62,1.1,0.94,1.22,0.8,1.58,1.26,1.69,1.36,1.45,1.46,0.67,1.24,0.8,1.64,1.23,1.45,1.59,0.88,2.08,1.38,1.04,0.84,1.35,1.36,0.9,1.61,1.47,1.32,0.65,1.1,0.85,1.59,1.47,1.34,1.08,1.17,1.1,1.4,1.04,1.32,2.13,0.9,1.21,1.86,0.78,0.9,1.33,1.47,1.29,0.9,0.86,1.48,1.37,1.39,1.63,1.31,1.47,1.49,1.42,1.63,1.08,1.52,0.67,0.67,1.36,1.46,1.47,1.55,1.35,1.37,1.19,1.67,1.65,1.03,1.61,0.85,0.85,0.75,0.96,0.65,1.52,1.18,1.05,1.23,1.49,1.02,0.93,1.48,1.67,1.13,1.41,1.33,1.64,0.82,1.08,1.33,1.65,1.09,1.14,1.21,1.06
tokens-used,4.899846153846154,4.5020658682634735,0.4528159294002511,4.64,5.84,4.59,4.74,5.12,5.99,4.53,5.45,5.24,5.65,4.9,5.11,4.51,5.3,5.06,4.67,4.83,4.61,4.11,4.9,4.55,5.24,5.27,5.12,4.96,4.64,4.58,4.38,5.16,5.22,5.15,4.89,4.57,4.19,4.78,4.65,4.82,4.97,4.47,5.17,4.64,4.39,4.87,4.66,4.31,4.68,5.02,4.88,4.41,4.57,4.63,4.49,4.92,4.83,4.57,4.69,4.6,5.28,5.42,4.71,5.38,4.61,4.38,5.13,4.57,5.35,5.15,4.94,4.33,4.55,4.48,4.19,4.59,5.16,4.39,4.95,4.66,4.83,4.44,4.85,5.1,5.05,4.99,5.49,4.3,4.6,4.5,4.29,4.3,4.73,5.0,4.89,4.64,4.72,4.67,4.39,4.55,4.75,5.19,4.79,4.61,5.03,4.39,5.02,4.33,4.73,4.75,4.65,5.1,4.55,4.61,4.32,4.36,5.0,4.34,5.02,4.31,5.02,4.73,4.55,3.95,4.66,4.72,4.59,4.64,4.53,4.72,4.44,4.74,4.69,4.58,4.49,5.06,4.39,4.94,4.12,4.34,4.77,4.84,3.85,4.24,4.55,4.34,4.75,5.17,4.65,4.89,4.89,4.73,4.5,4.63,4.61,4.65,4.58,4.57,4.74,4.8,4.88,4.78,4.35,4.56,4.3,4.52,4.53,4.77,5.03,5.34,4.61,4.26,3.75,4.53,4.49,4.47,4.19,4.7,4.48,4.6,4.76,4.69,4.63,4.61,4.76,4.68,4.33,4.22,5.28,4.27,4.21,5.02,5.03,4.61,3.94,4.92,4.67,4.11,4.52,4.23,4.18,3.96,4.24,4.28,3.69,4.01,3.99,4.47,4.49,4.12,5.0,4.05,4.87,4.51,4.27,4.26,4.32,4.01,4.41,4.4,4.46,4.66,4.0,4.65,4.24,4.5,4.11,4.22,5.16,3.96,4.95,4.32,4.4,4.04,4.71,4.19,4.55,4.41,4.58,4.59,3.77,4.68,4.59,4.86,4.33,4.69,4.24,4.74,4.81,3.64,4.32,5.11,3.95,3.8,4.13,5.01,4.08,4.31,3.43,3.63,4.87,4.52,4.46,3.89,4.55,4.3,4.93,3.16,3.76,4.0,4.24,4.5,3.74,3.92,3.7,4.01,4.1,4.12,4.47,4.11,3.66,4.17,4.33,3.99,4.0,5.13,4.45,4.02,3.91,4.88,4.3,4.23,3.75,4.53,3.94,3.66,4.32,4.56,4.0,3.89,4.68,4.08,3.69,4.1,3.95,4.44,4.58,4.59,4.28,4.17,3.67,3.77,4.99,3.6,3.79,4.35,3.9,3.84,4.57,3.15,4.45,3.55,4.07,4.01,3.46,3.67,4.74,4.15,3.68,4.55,3.88,3.64,3.46,3.61,3.87,4.28,3.6
book-step,6.426615384615385,6.115179640718563,0.46189497142673025,6.12,6.65,6.76,6.55,6.63,6.9,6.62,6.71,6.27,6.67,6.43,6.48,6.3,6.6,6.32,6.48,6.6,6.72,6.5,6.16,6.06,6.64,6.64,6.56,6.41,6.6,6.29,6.23,6.61,6.68,6.75,5.73,6.38,6.13,6.5,6.37,5.97,6.21,6.04,6.67,5.34,6.51,6.44,6.04,5.85,6.3,6.69,6.47,6.09,6.55,5.58,6.81,6.38,6.22,6.33,6.23,6.2,5.94,6.75,6.36,6.54,6.79,6.08,5.93,6.34,6.6,5.8,4.87,6.28,6.4,6.3,6.51,5.88,6.32,6.3,6.64,6.45,5.55,6.29,6.48,6.62,6.33,6.04,6.8,6.52,6.14,6.56,5.93,6.75,6.36,6.57,6.37,6.3,6.03,6.49,6.49,6.22,6.22,6.12,6.19,5.94,6.47,6.4,6.25,5.7,6.08,6.62,6.52,6.34,5.84,6.4,5.57,6.61,6.16,5.77,6.01,6.5,6.23,6.48,6.78,6.28,6.63,6.38,6.32,5.28,6.39,5.77,6.06,6.19,5.65,6.23,6.25,6.47,6.74,6.25,6.32,6.57,5.98,5.97,5.89,5.84,6.47,4.43,6.61,6.45,6.59,6.34,6.22,6.21,6.69,6.17,6.15,6.14,6.45,6.11,5.93,6.47,6.36,6.25,6.16,6.13,6.08,5.81,5.87,5.31,6.25,6.73,5.66,6.01,6.09,6.62,6.25,6.19,5.57,5.79,6.45,6.52,5.99,6.06,6.56,6.46,6.33,5.8,6.06,5.42,6.61,6.46,5.73,6.33,6.56,6.11,5.43,6.6,6.11,5.41,6.01,6.18,6.35,6.24,4.99,5.57,6.31,5.44,4.94,6.11,6.3,5.86,6.53,5.6,6.42,6.29,6.38,6.03,6.37,6.38,6.09,6.33,6.55,6.36,5.8,6.17,6.48,6.43,6.4,5.78,6.45,5.88,6.32,6.7,6.36,6.37,6.11,5.66,5.94,6.58,6.3,6.02,6.14,6.3,6.39,6.82,5.41,5.48,4.84,5.81,5.65,4.56,5.78,6.26,5.29,6.4,6.27,6.64,5.45,6.1,5.36,5.93,6.11,5.84,6.63,6.05,6.51,5.12,6.24,6.04,4.85,6.2,5.59,6.68,6.48,6.11,5.61,5.45,5.6,5.38,6.22,6.54,5.75,6.5,6.26,5.79,5.47,5.51,5.6,6.34,5.61,6.26,5.4,6.22,5.55,6.43,5.93,6.0,5.89,5.52,5.93,5.87,5.89,5.7,6.08,4.47,4.64,6.68,6.21,5.97,5.44,5.55,5.99,6.04,6.1,4.62,5.85,6.24,5.78,6.03,6.53,5.04,5.65,6.16,5.33,6.38,5.62,5.5,6.1,5.7,6.14,5.88,5.01,5.46,5.88,5.94,5.7,5.11,4.61
glass-step,7.941230769230769,7.853562874251497,0.1354079608249712,7.84,7.99,7.97,7.96,7.84,7.98,7.96,7.92,7.97,8.0,7.93,7.98,7.93,7.96,7.95,7.88,7.97,7.91,7.81,7.97,7.9,8.0,7.99,7.88,7.91,7.93,7.94,7.86,7.95,7.98,7.97,7.92,7.9,7.94,7.94,7.82,7.83,7.96,7.95,7.99,7.98,7.94,7.97,7.95,7.94,7.91,8.0,7.95,7.81,7.97,8.0,7.97,7.92,7.92,7.99,7.97,7.91,7.99,7.97,7.97,7.95,7.86,7.85,7.98,7.88,7.91,7.99,7.96,7.62,7.81,7.78,7.93,7.93,7.99,7.91,7.97,7.9,7.96,7.87,7.93,7.99,7.9,7.99,7.92,7.9,7.87,7.91,7.68,7.95,7.96,7.94,7.97,7.86,7.87,7.93,7.96,7.8,7.99,8.0,7.91,7.85,7.87,7.75,7.96,7.9,7.92,7.97,7.96,7.9,7.94,7.89,7.51,7.81,7.96,7.99,7.94,7.84,7.97,7.9,7.91,7.88,7.88,7.96,7.97,7.72,7.85,7.9,7.97,7.97,7.95,7.86,7.99,7.92,7.88,7.98,7.8,7.85,7.94,7.96,7.98,7.91,7.99,7.92,7.88,7.84,7.97,7.89,7.97,7.91,7.87,7.93,7.89,7.89,7.94,7.96,7.91,7.97,7.88,8.0,7.78,7.9,7.97,7.96,7.93,7.95,7.95,7.99,7.83,7.84,7.77,7.89,7.89,7.93,7.9,7.88,7.97,7.87,7.84,7.92,7.85,7.82,7.98,7.87,7.86,7.91,7.93,7.84,7.75,7.67,7.98,7.85,7.77,7.92,7.93,7.73,7.74,7.89,7.72,7.89,7.91,7.63,7.73,7.74,7.78,7.92,7.82,7.84,7.66,7.77,7.8,7.88,7.79,7.69,7.73,7.88,7.93,7.96,7.86,7.93,7.45,7.96,7.86,7.74,7.62,7.68,7.99,7.8,7.97,7.85,7.95,7.92,7.97,7.77,7.91,7.81,7.91,7.78,7.93,7.89,7.9,7.92,7.82,7.85,7.88,7.9,7.96,7.84,7.86,7.96,7.83,7.44,7.99,7.89,7.88,7.82,6.92,7.79,7.87,7.84,7.84,7.7,7.96,7.93,7.9,7.4,7.9,7.7,7.76,7.78,7.76,7.86,7.84,7.61,7.61,7.65,7.74,7.78,7.58,7.62,7.74,7.71,7.81,7.72,7.86,7.77,7.86,7.85,7.74,7.66,7.83,7.79,7.66,7.57,7.85,7.78,7.75,7.2,7.88,7.82,7.8,7.85,7.8,7.88,7.86,7.76,7.85,7.7,7.81,7.67,7.96,7.82,7.49,7.86,7.66,7.68,7.83,7.34,7.88,7.56,7.73,7.78,7.54,7.67,7.9,7.63,7.79,7.91,7.68,7.67,7.42,7.51,7.72,7.46,7.76
temple,1.126,0.9242814371257484,0.23028235407283787,1.16,1.07,1.03,1.12,1.29,1.41,1.17,1.18,1.35,1.23,1.05,1.35,1.11,1.21,0.91,1.25,1.02,0.91,0.94,1.02,0.81,1.3,1.16,1.16,0.99,1.2,0.9,1.15,1.08,1.36,1.28,1.32,0.87,1.09,0.95,0.96,0.94,0.88,1.12,1.31,1.08,0.99,1.11,1.23,0.89,0.76,1.3,0.89,1.09,0.97,1.1,1.09,1.02,0.84,1.08,1.17,0.9,1.34,1.03,1.14,1.13,1.08,0.9,1.14,0.88,0.96,1.33,1.42,0.83,0.8,0.86,0.78,1.18,0.96,0.92,1.14,0.99,0.93,0.54,1.17,1.32,1.23,1.28,1.41,0.83,0.91,0.82,0.68,1.13,0.89,0.79,1.28,1.06,0.84,0.99,0.78,0.86,1.28,1.0,1.09,1.03,1.16,0.93,1.18,1.01,1.06,1.41,1.09,1.1,1.03,0.77,0.94,1.13,0.9,0.83,1.53,0.88,1.48,0.89,1.13,0.77,0.95,1.01,1.08,1.05,0.92,0.93,1.02,1.09,1.18,1.09,1.01,1.03,0.78,0.89,0.76,0.89,0.96,1.12,0.71,0.68,0.56,1.0,0.85,1.01,0.85,1.0,1.04,1.3,0.56,1.07,0.79,0.76,1.12,0.8,0.92,0.85,1.28,0.91,0.81,0.62,0.8,0.92,0.81,1.19,0.95,1.32,1.23,0.84,0.82,1.05,0.81,0.84,0.84,0.9,0.98,1.01,0.71,0.93,0.59,1.0,1.02,0.83,0.83,0.67,1.23,0.72,0.69,0.99,1.2,1.03,0.96,1.11,1.17,0.58,0.62,1.05,0.88,0.78,0.89,0.68,0.75,0.8,0.93,0.94,0.74,0.82,0.9,0.79,0.83,0.65,0.82,0.51,0.62,0.67,1.2,1.3,0.94,0.93,0.59,1.04,0.86,0.96,0.53,0.71,1.3,0.6,1.33,0.83,0.82,0.72,1.13,0.85,1.06,0.61,1.01,1.1,0.94,1.08,0.99,1.16,0.58,1.05,1.05,0.87,1.49,0.65,1.15,1.22,0.73,0.67,0.99,1.31,0.68,0.76,0.52,0.6,0.85,0.95,0.98,0.76,1.24,0.87,1.0,0.43,0.54,0.58,0.7,0.66,0.79,0.7,0.96,0.8,0.53,1.06,0.78,0.5,0.75,0.55,0.62,0.89,0.71,0.95,0.67,0.66,0.61,0.77,0.74,0.65,0.68,0.84,0.65,0.53,0.74,1.04,0.88,0.65,1.02,0.73,0.87,0.86,0.85,0.54,0.91,0.62,0.89,0.68,0.76,0.55,1.16,0.59,0.52,1.16,0.44,0.82,0.76,0.33,0.65,0.59,0.58,0.69,0.43,0.63,0.72,0.65,0.59,1.14,0.94,0.61,0.38,0.54,0.67,1.06,0.83
temple-bronze,0.4918461538461538,0.466437125748503,0.11385756049997366,0.51,0.48,0.31,0.29,0.45,0.21,0.51,0.42,0.67,0.65,0.51,0.58,0.5,0.48,0.51,0.56,0.44,0.55,0.28,0.41,0.37,0.45,0.47,0.51,0.56,0.42,0.44,0.42,0.46,0.5,0.47,0.5,0.44,0.6,0.44,0.46,0.48,0.44,0.49,0.76,0.56,0.47,0.54,0.54,0.52,0.38,0.67,0.52,0.53,0.41,0.5,0.47,0.53,0.51,0.43,0.73,0.49,0.62,0.43,0.5,0.68,0.51,0.39,0.27,0.4,0.44,0.39,0.36,0.27,0.41,0.45,0.33,0.5,0.42,0.45,0.51,0.46,0.6,0.37,0.53,0.77,0.52,0.58,0.6,0.43,0.5,0.36,0.39,0.46,0.5,0.38,0.51,0.56,0.53,0.55,0.4,0.47,0.41,0.41,0.61,0.45,0.69,0.44,0.63,0.43,0.35,0.72,0.46,0.6,0.63,0.44,0.36,0.55,0.53,0.39,0.66,0.41,0.61,0.46,0.52,0.43,0.46,0.42,0.57,0.48,0.58,0.49,0.56,0.55,0.61,0.59,0.56,0.47,0.31,0.48,0.48,0.36,0.46,0.39,0.32,0.33,0.4,0.47,0.52,0.51,0.37,0.49,0.47,0.7,0.27,0.71,0.34,0.46,0.42,0.42,0.6,0.24,0.53,0.43,0.37,0.35,0.56,0.52,0.45,0.53,0.65,0.59,0.66,0.33,0.31,0.61,0.41,0.36,0.48,0.49,0.44,0.58,0.4,0.55,0.34,0.5,0.46,0.38,0.48,0.3,0.49,0.32,0.4,0.33,0.6,0.57,0.67,0.6,0.42,0.37,0.32,0.44,0.49,0.52,0.54,0.47,0.4,0.43,0.49,0.52,0.54,0.39,0.47,0.51,0.47,0.32,0.44,0.29,0.36,0.41,0.55,0.65,0.46,0.5,0.33,0.52,0.42,0.48,0.17,0.39,0.52,0.29,0.81,0.37,0.49,0.47,0.59,0.51,0.61,0.26,0.38,0.49,0.61,0.63,0.55,0.67,0.27,0.42,0.6,0.52,0.73,0.44,0.58,0.7,0.35,0.42,0.41,0.67,0.39,0.42,0.42,0.4,0.5,0.58,0.37,0.44,0.63,0.58,0.66,0.26,0.39,0.29,0.44,0.3,0.39,0.46,0.39,0.5,0.43,0.6,0.45,0.28,0.44,0.33,0.47,0.32,0.37,0.51,0.5,0.4,0.4,0.39,0.51,0.4,0.42,0.5,0.34,0.29,0.39,0.59,0.51,0.35,0.61,0.44,0.44,0.42,0.41,0.16,0.63,0.33,0.6,0.44,0.41,0.36,0.68,0.4,0.27,0.59,0.27,0.47,0.39,0.16,0.35,0.43,0.33,0.42,0.34,0.37,0.28,0.46,0.29,0.76,0.7,0.4,0.24,0.28,0.48,0.51,0.54
temple-silver,0.2933846153846154,0.23619760479041915,0.08277236337322916,0.33,0.15,0.45,0.31,0.51,0.35,0.33,0.39,0.36,0.2,0.3,0.36,0.2,0.25,0.25,0.26,0.38,0.19,0.28,0.21,0.21,0.3,0.42,0.43,0.2,0.31,0.26,0.39,0.31,0.3,0.32,0.37,0.25,0.24,0.27,0.22,0.32,0.26,0.27,0.31,0.26,0.23,0.24,0.29,0.23,0.23,0.36,0.18,0.28,0.26,0.2,0.3,0.25,0.13,0.37,0.3,0.21,0.42,0.31,0.22,0.24,0.24,0.28,0.41,0.23,0.28,0.18,0.19,0.26,0.17,0.18,0.19,0.26,0.28,0.19,0.25,0.25,0.18,0.07,0.21,0.26,0.33,0.41,0.3,0.29,0.25,0.19,0.18,0.25,0.29,0.14,0.33,0.28,0.19,0.32,0.21,0.28,0.42,0.44,0.21,0.22,0.25,0.25,0.26,0.27,0.21,0.29,0.37,0.25,0.25,0.26,0.32,0.32,0.25,0.23,0.32,0.25,0.41,0.24,0.27,0.17,0.2,0.37,0.19,0.22,0.25,0.25,0.32,0.32,0.27,0.32,0.33,0.28,0.28,0.31,0.13,0.25,0.24,0.33,0.25,0.17,0.11,0.26,0.19,0.28,0.27,0.34,0.24,0.36,0.19,0.24,0.27,0.15,0.33,0.22,0.13,0.24,0.36,0.33,0.21,0.19,0.2,0.21,0.17,0.23,0.18,0.3,0.33,0.18,0.29,0.28,0.25,0.23,0.19,0.24,0.3,0.26,0.21,0.26,0.08,0.26,0.34,0.3,0.24,0.22,0.27,0.27,0.13,0.38,0.25,0.2,0.2,0.29,0.43,0.15,0.12,0.26,0.24,0.19,0.24,0.13,0.24,0.21,0.23,0.24,0.15,0.21,0.21,0.18,0.24,0.21,0.2,0.13,0.14,0.14,0.35,0.42,0.27,0.22,0.17,0.29,0.24,0.26,0.16,0.22,0.38,0.14,0.34,0.27,0.15,0.17,0.36,0.17,0.3,0.21,0.34,0.22,0.22,0.28,0.23,0.22,0.17,0.3,0.23,0.15,0.34,0.11,0.32,0.31,0.19,0.12,0.32,0.42,0.17,0.14,0.09,0.14,0.23,0.22,0.34,0.19,0.22,0.18,0.17,0.06,0.06,0.19,0.18,0.18,0.17,0.13,0.34,0.2,0.07,0.33,0.16,0.12,0.16,0.12,0.11,0.32,0.19,0.23,0.05,0.15,0.09,0.21,0.17,0.15,0.19,0.19,0.16,0.11,0.26,0.3,0.23,0.22,0.22,0.17,0.28,0.15,0.2,0.15,0.26,0.2,0.16,0.17,0.22,0.14,0.28,0.1,0.13,0.35,0.08,0.16,0.2,0.14,0.14,0.07,0.11,0.16,0.06,0.13,0.11,0.12,0.19,0.24,0.11,0.08,0.04,0.12,0.13,0.22,0.15
temple-gold,0.34092307692307694,0.22176646706586828,0.12613517921947923,0.32,0.44,0.28,0.52,0.33,0.86,0.33,0.37,0.32,0.38,0.24,0.41,0.41,0.48,0.16,0.43,0.2,0.17,0.38,0.4,0.23,0.55,0.27,0.22,0.23,0.47,0.2,0.34,0.31,0.56,0.49,0.45,0.18,0.25,0.24,0.28,0.14,0.18,0.36,0.24,0.26,0.29,0.33,0.4,0.14,0.15,0.26,0.19,0.28,0.3,0.4,0.32,0.25,0.2,0.28,0.14,0.2,0.3,0.29,0.42,0.21,0.33,0.23,0.46,0.25,0.24,0.76,0.87,0.3,0.22,0.23,0.26,0.42,0.26,0.28,0.38,0.28,0.15,0.1,0.43,0.29,0.38,0.29,0.51,0.11,0.16,0.27,0.11,0.42,0.1,0.27,0.44,0.22,0.12,0.12,0.17,0.11,0.45,0.16,0.27,0.36,0.22,0.24,0.29,0.31,0.5,0.4,0.26,0.25,0.15,0.08,0.26,0.26,0.13,0.21,0.55,0.22,0.46,0.18,0.34,0.17,0.29,0.22,0.32,0.34,0.09,0.19,0.14,0.22,0.3,0.18,0.12,0.28,0.19,0.1,0.15,0.28,0.26,0.4,0.14,0.18,0.05,0.28,0.14,0.22,0.21,0.17,0.33,0.24,0.1,0.12,0.18,0.15,0.37,0.16,0.19,0.37,0.39,0.15,0.23,0.08,0.04,0.19,0.19,0.43,0.12,0.43,0.24,0.33,0.22,0.16,0.15,0.25,0.17,0.17,0.24,0.17,0.1,0.12,0.17,0.24,0.22,0.15,0.11,0.14,0.47,0.13,0.16,0.28,0.35,0.26,0.09,0.22,0.32,0.06,0.18,0.35,0.15,0.07,0.11,0.08,0.11,0.16,0.21,0.18,0.05,0.22,0.22,0.1,0.12,0.12,0.18,0.09,0.12,0.12,0.31,0.23,0.21,0.21,0.09,0.23,0.2,0.22,0.2,0.1,0.4,0.17,0.18,0.19,0.18,0.08,0.18,0.17,0.15,0.14,0.29,0.39,0.11,0.17,0.21,0.27,0.14,0.33,0.22,0.2,0.42,0.1,0.25,0.21,0.19,0.13,0.26,0.22,0.12,0.2,0.01,0.06,0.12,0.15,0.27,0.13,0.39,0.11,0.17,0.11,0.09,0.1,0.08,0.18,0.23,0.11,0.23,0.1,0.03,0.13,0.17,0.1,0.15,0.1,0.04,0.25,0.15,0.21,0.12,0.11,0.12,0.17,0.06,0.1,0.07,0.15,0.15,0.13,0.09,0.15,0.14,0.09,0.19,0.12,0.15,0.29,0.24,0.23,0.02,0.09,0.13,0.07,0.13,0.05,0.2,0.09,0.12,0.22,0.09,0.18,0.17,0.03,0.16,0.09,0.13,0.11,0.03,0.13,0.33,0.07,0.11,0.14,0.13,0.13,0.1,0.14,0.06,0.33,0.14
assistant-activated,10.182615384615385,9.705508982035928,0.6085246853759292,10.04,9.94,11.69,10.26,10.43,11.16,9.32,10.0,10.18,10.35,9.46,9.81,9.87,10.08,10.25,10.42,11.38,9.95,9.47,10.17,9.07,11.06,10.32,9.95,10.4,10.43,9.63,10.44,9.82,10.49,11.15,9.29,10.15,9.75,10.44,9.89,10.06,10.18,9.9,9.9,9.6,9.71,10.8,10.22,9.73,10.24,9.8,9.97,10.25,10.21,9.35,10.25,10.15,9.82,9.93,11.07,9.77,9.87,10.38,10.63,10.43,10.31,10.13,9.94,9.55,10.32,9.72,9.42,10.0,9.75,10.02,9.98,9.26,10.33,9.59,9.9,10.05,10.51,9.78,9.92,9.79,10.51,9.54,10.58,9.64,9.95,9.74,8.61,9.43,9.79,10.18,10.15,10.85,10.77,10.24,10.19,9.87,10.64,10.06,9.93,9.81,10.23,9.99,10.43,9.51,10.19,9.89,9.78,9.88,9.82,10.13,9.3,10.15,9.86,9.62,10.41,10.41,10.24,10.21,10.26,10.2,10.65,9.67,9.78,9.19,10.24,10.0,9.82,9.92,10.01,9.65,9.26,9.78,10.32,10.35,10.44,9.93,9.54,9.99,9.42,9.25,10.29,8.68,10.02,10.19,9.67,9.66,9.95,9.55,9.54,9.98,9.51,10.4,10.7,9.88,10.44,10.19,9.95,9.42,9.59,10.14,10.09,9.21,9.13,9.84,10.0,10.03,9.58,9.73,10.49,9.88,9.69,9.89,9.58,9.22,9.8,9.94,10.66,9.1,9.26,9.31,10.29,9.66,9.74,9.32,9.96,9.26,10.38,9.92,10.24,9.53,8.85,10.39,8.99,9.16,9.41,9.99,10.21,9.71,8.52,9.59,10.04,9.04,8.83,9.25,9.68,9.51,10.66,9.12,9.82,10.22,9.87,10.22,10.04,9.96,9.73,9.68,9.89,11.01,9.37,9.77,9.7,9.95,9.94,9.68,10.53,9.47,9.08,10.09,10.1,8.78,8.64,9.99,9.55,9.53,9.43,9.27,8.74,10.07,9.6,10.25,9.03,8.79,8.84,9.73,10.36,9.05,9.76,9.93,8.82,9.62,8.15,9.71,8.94,9.79,8.3,9.24,9.44,9.34,9.81,9.23,9.16,9.39,9.29,9.39,8.74,9.94,9.74,9.69,9.31,8.68,9.44,8.12,8.99,8.81,10.28,9.97,8.74,9.81,9.59,8.96,9.02,9.28,9.08,9.43,9.16,9.18,8.88,9.63,9.38,9.35,9.65,9.78,9.76,8.85,9.06,9.43,9.62,8.66,9.06,8.12,8.36,9.28,9.76,9.12,8.57,8.53,8.92,8.55,10.07,8.23,8.89,9.35,9.35,8.34,9.3,9.51,10.04,8.74,8.4,9.46,9.22,8.87,10.23,7.68,8.73,9.56,8.56,8.73,9.41,8.96,9.21,8.79,8.02
assistant-activated-silver,3.523846153846154,3.5944910179640717,0.26181202408429755,3.47,3.32,4.21,3.69,3.37,3.55,2.92,3.24,3.4,3.33,3.33,3.43,3.55,3.43,3.67,3.58,3.79,3.5,3.37,3.57,3.33,3.33,3.32,3.42,3.87,3.41,3.23,3.99,3.15,3.58,3.67,3.49,4.02,3.36,3.57,3.4,3.59,3.68,3.38,3.14,3.72,3.43,4.02,3.55,3.58,3.81,3.39,3.55,3.84,3.55,3.6,3.55,3.65,3.18,3.34,3.67,3.68,3.44,3.31,3.83,3.28,3.57,3.95,3.75,3.14,3.52,3.71,3.98,3.96,3.7,3.5,3.69,3.38,3.69,3.67,3.37,3.31,4.57,3.41,3.4,3.27,3.26,3.49,3.48,3.44,3.42,3.68,3.21,3.53,3.51,3.56,3.55,3.52,3.61,3.66,3.75,3.92,3.66,3.84,3.36,3.56,4.07,3.46,4.0,3.7,3.73,3.49,3.26,3.71,3.88,3.34,3.55,3.87,3.58,3.96,3.35,3.93,3.68,3.8,3.6,3.97,3.85,3.34,3.38,3.91,3.64,3.82,3.54,3.83,3.61,3.44,3.37,3.42,3.47,4.04,3.71,3.47,3.37,3.87,3.62,3.65,3.72,3.73,3.61,3.6,3.46,3.32,3.68,3.27,3.51,3.46,3.19,3.57,3.93,4.33,3.62,3.49,3.74,3.16,3.51,3.81,3.63,3.65,3.38,3.9,3.54,3.7,3.68,3.27,3.83,3.55,3.23,3.66,4.03,3.79,3.5,3.64,4.03,3.44,3.34,3.12,3.9,3.42,4.12,4.04,3.26,3.36,3.92,3.42,3.61,3.63,3.73,3.51,3.63,3.69,3.51,3.8,3.55,3.79,3.51,4.01,3.89,3.75,3.67,3.57,3.42,3.9,4.04,3.65,3.6,3.71,3.78,4.14,3.9,3.88,3.6,3.58,3.7,4.18,3.59,3.44,3.8,3.44,3.7,3.52,3.63,3.7,3.39,3.59,3.51,3.15,3.39,4.32,3.52,3.42,3.3,3.02,3.39,3.59,3.56,3.59,3.37,3.37,3.59,3.73,3.74,3.77,3.71,3.42,3.48,3.51,3.17,3.71,3.56,3.63,3.2,3.47,2.94,3.52,3.48,3.33,3.06,3.67,3.12,3.78,3.66,3.78,4.07,3.55,3.51,3.41,3.91,3.45,3.54,3.04,3.96,3.95,3.71,3.65,3.45,3.39,3.47,3.82,3.78,3.68,4.11,2.87,3.7,4.24,4.15,3.37,3.6,3.78,3.65,3.37,3.84,3.61,3.23,3.49,3.7,3.54,3.89,3.74,3.79,3.39,3.43,3.13,3.64,3.47,3.63,3.86,3.68,3.14,3.85,3.55,3.18,4.49,3.96,3.53,3.6,3.94,3.95,3.3,3.47,3.04,3.29,3.55,3.8,3.81,4.05,3.48,3.6,3.34,3.63
assistant-activated-gold,6.6589230769230765,6.1108083832335325,0.5938126460999708,6.57,6.62,7.48,6.57,7.06,7.61,6.4,6.76,6.78,7.03,6.13,6.38,6.32,6.65,6.58,6.84,7.59,6.45,6.1,6.6,5.74,7.73,7.0,6.53,6.53,7.02,6.4,6.45,6.67,6.91,7.48,5.8,6.13,6.39,6.87,6.49,6.47,6.5,6.52,6.76,5.88,6.29,6.78,6.67,6.15,6.43,6.41,6.42,6.41,6.66,5.75,6.7,6.5,6.64,6.59,7.4,6.09,6.43,7.07,6.8,7.15,6.74,6.18,6.19,6.41,6.8,6.01,5.43,6.04,6.05,6.52,6.29,5.88,6.64,5.92,6.53,6.74,5.94,6.37,6.52,6.52,7.25,6.04,7.1,6.2,6.53,6.06,5.39,5.9,6.28,6.62,6.6,7.33,7.16,6.58,6.44,5.95,6.98,6.22,6.57,6.25,6.16,6.53,6.43,5.81,6.46,6.4,6.52,6.17,5.94,6.79,5.74,6.28,6.28,5.66,7.06,6.48,6.55,6.41,6.66,6.23,6.8,6.33,6.41,5.28,6.6,6.18,6.28,6.09,6.4,6.21,5.89,6.36,6.85,6.31,6.73,6.46,6.17,6.12,5.8,5.6,6.57,4.94,6.41,6.59,6.21,6.34,6.27,6.27,6.03,6.51,6.32,6.83,6.77,5.55,6.82,6.69,6.21,6.26,6.08,6.33,6.46,5.56,5.75,5.94,6.46,6.33,5.9,6.45,6.66,6.33,6.46,6.23,5.55,5.43,6.3,6.3,6.63,5.66,5.92,6.19,6.39,6.24,5.62,5.28,6.7,5.9,6.46,6.5,6.63,5.9,5.12,6.88,5.36,5.47,5.9,6.19,6.66,5.92,5.01,5.58,6.15,5.29,5.16,5.68,6.26,5.61,6.62,5.47,6.22,6.51,6.09,6.08,6.14,6.08,6.13,6.11,6.19,6.83,5.78,6.33,5.9,6.51,6.24,6.16,6.9,5.77,5.69,6.5,6.59,5.63,5.25,5.67,6.03,6.11,6.13,6.24,5.35,6.48,6.04,6.66,5.65,5.42,5.25,6.0,6.62,5.28,6.05,6.51,5.34,6.11,4.98,6.0,5.38,6.16,5.1,5.77,6.5,5.82,6.33,5.9,6.1,5.72,6.17,5.61,5.08,6.16,5.67,6.14,5.8,5.27,5.53,4.67,5.45,5.77,6.32,6.02,5.03,6.16,6.14,5.57,5.54,5.46,5.3,5.75,5.05,6.31,5.18,5.39,5.23,5.98,6.05,6.0,6.11,5.48,5.22,5.83,6.39,5.17,5.36,4.58,4.47,5.54,5.97,5.73,5.14,5.4,5.28,5.08,6.44,4.37,5.21,6.22,5.5,4.79,6.12,5.02,6.08,5.21,4.8,5.52,5.27,5.57,6.76,4.64,5.44,6.01,4.76,4.92,5.36,5.48,5.61,5.45,4.39
exiled,6.280769230769231,5.797245508982036,0.6235326700305172,5.71,6.46,8.45,7.23,5.98,5.49,6.69,5.42,6.05,6.1,5.89,5.39,6.29,5.54,5.82,6.93,7.89,5.11,6.71,6.47,6.3,5.42,6.61,5.56,6.8,6.6,6.36,7.68,6.31,5.51,6.89,5.15,5.89,6.64,5.88,6.24,6.07,6.13,6.07,5.82,5.7,5.56,6.11,6.3,5.65,5.7,6.34,5.9,6.0,5.78,5.4,6.54,6.28,6.01,6.42,6.65,5.52,7.62,5.56,6.35,6.28,6.62,6.11,6.09,5.83,6.26,5.0,5.58,5.81,6.26,6.51,6.06,5.86,5.78,6.64,7.34,6.0,5.61,5.33,6.52,6.3,7.32,5.68,4.9,5.11,5.75,5.69,5.57,5.4,6.15,6.08,6.41,6.61,6.77,5.65,6.01,6.84,6.5,5.38,5.4,7.36,6.48,6.96,6.14,6.47,5.9,5.49,5.67,6.5,5.61,5.71,5.45,6.04,5.1,5.7,5.63,6.91,6.54,5.72,6.59,5.12,5.99,6.41,5.92,6.52,4.92,5.48,6.24,5.96,5.57,5.42,5.11,5.89,6.61,5.29,6.16,6.24,6.33,5.62,6.27,5.48,5.17,4.89,5.58,5.54,6.2,5.51,5.49,5.88,5.51,6.29,6.44,5.5,6.39,5.12,5.62,5.93,6.6,5.12,5.55,5.87,5.2,4.98,6.07,5.16,5.62,5.88,5.89,6.69,5.24,4.82,5.46,6.08,6.3,5.69,5.77,6.03,5.42,5.77,5.46,5.84,5.78,4.95,5.86,5.06,5.17,5.76,6.81,4.53,5.76,5.96,6.43,6.7,5.93,4.9,6.25,5.05,5.75,6.28,5.75,5.44,6.53,6.63,5.9,5.76,5.87,5.28,4.93,5.84,5.53,5.26,5.34,5.86,5.17,5.48,5.31,5.39,5.98,4.87,5.62,5.75,5.07,6.25,5.77,5.35,6.17,6.05,6.15,6.05,5.16,4.66,5.73,5.55,6.07,5.38,6.12,5.39,5.1,6.45,5.1,6.42,6.24,5.61,7.32,5.84,6.33,5.49,5.4,5.07,5.18,5.79,4.36,4.88,6.86,6.73,5.39,5.66,4.71,5.64,4.87,6.3,5.61,5.74,5.66,5.54,5.61,5.68,5.37,5.71,5.51,5.48,5.83,5.97,6.51,5.02,5.4,5.57,5.78,5.51,5.46,5.45,5.86,6.33,5.75,5.45,5.39,4.91,5.06,4.88,5.28,5.09,5.9,5.64,5.58,6.63,5.01,4.87,5.02,4.81,4.18,6.17,5.32,4.57,4.99,5.05,5.45,4.72,5.3,4.8,6.01,4.41,5.88,4.86,5.55,6.34,5.16,5.65,6.25,6.57,5.44,5.11,4.71,5.37,5.48,4.99,4.64,6.1,5.52,5.29,5.53,5.52,5.73,6.53,5.1
gained-fear,4.801076923076923,4.768562874251497,0.4337707777462063,4.6,4.68,4.79,5.18,5.18,4.47,4.82,4.68,4.46,4.67,4.75,4.58,4.57,4.47,4.65,5.36,5.21,4.65,5.0,4.11,4.66,5.36,4.91,4.79,5.01,4.91,5.15,5.01,4.7,5.54,5.54,4.74,4.9,4.82,4.74,5.42,4.13,4.73,4.61,4.71,4.74,4.27,5.03,4.94,4.31,4.58,4.84,4.47,5.16,4.47,5.22,4.91,4.92,4.46,4.27,5.18,4.38,4.35,4.79,4.26,4.96,5.1,4.93,4.77,4.52,4.81,4.92,4.53,4.68,4.65,4.78,4.33,4.95,4.49,5.11,4.56,4.49,5.71,4.9,5.04,4.97,5.31,4.67,5.41,5.04,4.91,3.88,5.04,5.14,4.38,4.55,5.17,5.15,4.98,5.46,4.44,4.59,4.78,5.41,4.61,5.16,4.7,4.79,4.89,4.35,4.29,4.82,4.72,5.13,4.54,4.73,4.32,5.45,4.42,4.88,4.58,5.15,4.82,5.12,5.06,5.03,4.98,4.84,5.0,4.61,4.8,5.19,5.41,4.64,4.33,4.08,4.06,4.81,4.95,4.7,5.6,5.04,4.57,4.54,5.04,4.88,4.99,4.43,4.57,5.28,4.6,4.43,5.16,4.76,4.47,4.61,5.16,5.35,5.13,4.2,5.17,4.75,4.4,4.17,4.65,4.94,5.18,4.44,4.92,5.82,5.2,4.49,4.86,5.05,5.45,4.9,4.86,4.97,5.45,4.14,4.96,5.52,5.62,4.15,4.61,4.78,5.11,4.36,5.26,4.23,4.65,4.62,5.43,4.38,5.03,4.96,4.77,5.08,4.58,4.17,4.85,5.59,4.82,5.15,4.77,4.59,5.22,5.51,3.93,5.77,3.62,4.32,4.98,4.64,4.31,3.65,4.9,4.41,4.73,4.74,4.12,4.67,5.94,5.73,5.03,5.69,4.13,5.19,5.4,3.87,5.07,4.53,3.74,4.53,4.74,4.61,4.1,5.03,4.66,4.7,4.97,4.59,5.0,4.45,4.99,4.68,4.69,4.32,3.85,5.45,4.94,4.48,5.92,5.0,4.27,5.08,4.46,5.07,4.76,4.89,4.11,4.53,4.29,5.22,4.51,5.3,4.43,4.79,4.44,5.07,4.28,4.51,4.9,4.86,5.38,5.15,4.61,4.94,4.51,4.06,4.8,4.95,4.64,5.34,4.63,3.99,4.78,5.0,4.83,4.73,4.46,4.27,3.99,5.37,4.51,4.29,4.48,4.63,4.48,4.81,4.07,4.02,4.81,4.74,3.4,4.58,4.88,3.4,5.5,5.63,5.88,4.34,4.61,4.43,5.64,4.82,4.37,5.16,4.22,4.53,5.14,4.75,4.73,4.72,4.27,4.23,4.12,4.57,5.05,4.77,4.46,5.2,4.15,4.02,5.28,4.77,5.16,4.33,4.07
ave_player_score,84.72292307692307,78.98877245508982,4.378926533718905,82.4,92.33,91.47,90.14,86.25,90.6,84.29,82.02,82.61,86.15,79.56,82.52,83.35,86.01,82.68,87.29,88.26,81.18,86.9,85.72,82.65,87.15,83.95,83.63,81.81,85.88,81.9,87.35,85.25,82.68,86.78,81.47,81.65,78.94,83.41,82.41,80.37,83.2,80.15,84.2,80.69,81.83,84.76,84.02,79.72,80.97,84.39,83.1,84.12,81.73,78.3,86.59,80.12,83.79,83.3,79.6,80.99,84.76,85.44,84.41,81.62,85.63,81.85,85.12,82.06,83.72,82.99,81.31,78.59,83.58,83.41,83.39,79.26,83.27,82.28,87.39,84.2,80.1,76.78,82.53,83.5,85.52,80.08,81.79,77.38,80.48,83.7,74.95,79.98,84.18,83.27,84.77,83.81,80.5,81.14,84.58,81.03,84.18,79.41,78.45,81.15,86.51,83.69,82.45,80.66,81.55,80.28,83.99,83.88,77.74,80.48,75.9,81.73,79.77,81.32,81.48,82.77,83.56,78.87,85.55,77.39,81.18,83.63,82.51,77.38,80.37,76.28,79.03,83.46,82.87,79.4,78.7,80.5,82.74,79.51,81.63,79.4,83.23,80.51,76.77,78.99,77.12,71.79,80.08,81.36,80.77,77.99,80.51,76.91,79.12,78.47,79.15,80.19,82.65,78.24,79.85,82.06,82.12,80.17,78.18,78.5,78.85,76.59,79.08,75.69,79.79,84.65,78.64,79.93,76.55,75.19,74.74,80.52,77.73,79.93,81.36,79.69,78.29,76.13,78.68,79.43,79.94,78.44,78.45,77.8,80.82,78.75,80.68,77.37,82.41,80.73,74.44,80.46,80.05,76.93,79.26,75.41,78.7,79.56,76.49,74.65,81.7,79.52,75.88,75.79,79.08,77.04,78.32,73.28,76.98,77.77,77.47,78.12,80.57,76.57,77.11,81.13,80.95,77.24,73.76,79.29,78.39,77.78,76.85,76.69,85.96,80.49,76.78,79.6,79.14,76.24,77.67,75.12,73.02,76.34,80.31,77.37,72.03,80.47,77.82,80.16,76.49,78.46,77.2,77.99,78.74,77.04,74.53,75.43,76.79,74.47,72.71,74.69,76.52,76.71,68.49,74.65,71.34,76.99,78.54,74.43,76.42,73.75,77.2,76.12,78.26,77.76,76.04,80.66,75.84,76.2,78.92,69.38,76.46,71.22,77.13,78.22,76.29,74.63,77.26,72.69,71.08,70.26,75.15,75.62,74.6,76.75,74.32,72.38,72.92,74.89,75.24,74.54,75.22,75.37,74.9,73.05,76.73,72.12,69.25,72.63,74.15,76.47,72.23,71.3,74.09,71.56,75.42,68.28,74.78,69.48,71.83,73.25,74.67,76.58,74.32,72.39,76.53,73.42,72.22,72.86,72.99,72.37,76.82,69.61,71.66,75.63,69.64,71.97,69.19,70.62,71.92,71.47,69.24
ave_opp_scores,71.932,73.17014970059881,2.3713327257981645,74.12,66.75,72.1,74.13,64.5,63.86,74.89,68.42,73.53,70.5,76.63,72.73,74.13,68.89,69.41,74.55,73.44,74.52,75.56,73.19,74.41,71.59,70.46,70.83,73.56,73.97,73.64,73.5,67.61,73.78,73.14,73.4,74.83,77.17,72.99,72.58,73.0,72.36,75.99,68.7,72.87,74.52,72.77,74.19,75.83,72.95,68.34,68.41,73.44,74.54,74.04,74.0,71.95,69.81,74.09,73.8,70.33,67.55,72.03,72.16,73.71,74.28,75.57,67.05,72.23,72.64,67.61,67.46,74.39,74.19,73.83,75.58,71.63,67.98,74.35,71.84,74.65,67.33,73.58,72.11,68.58,72.32,73.87,74.69,76.6,73.89,75.08,69.46,74.44,73.03,69.22,73.51,72.95,72.48,73.94,73.45,74.7,74.53,73.67,72.84,73.09,68.03,74.39,73.54,72.39,71.04,74.28,68.57,73.12,76.36,74.05,75.13,73.62,72.69,72.78,72.89,75.53,71.97,72.86,73.05,75.23,73.81,74.09,73.07,68.2,73.97,74.89,76.17,74.12,72.41,71.0,74.28,67.71,74.59,73.64,74.91,74.42,74.85,72.88,77.65,72.72,74.58,74.43,73.94,71.57,74.24,73.39,72.05,75.73,75.34,72.66,69.2,72.94,73.9,69.64,71.87,71.44,69.28,73.28,73.98,74.04,70.32,74.42,73.17,74.28,73.71,73.12,74.39,73.94,73.83,74.64,70.92,75.3,75.9,67.89,68.71,75.56,74.75,75.08,74.94,70.61,71.57,74.25,73.97,74.62,70.16,75.03,74.58,74.22,75.05,74.02,74.66,72.98,71.99,71.19,72.0,74.81,76.78,75.01,73.0,73.94,76.23,75.5,72.8,72.95,74.28,74.1,68.86,75.61,69.8,74.89,75.11,73.31,75.0,76.86,71.62,73.86,72.02,74.61,73.79,73.1,74.85,74.02,75.28,73.2,69.14,74.89,67.77,75.25,72.07,74.97,74.45,74.21,72.04,71.33,73.42,74.63,75.03,76.61,71.58,74.06,69.28,74.52,74.38,70.77,73.98,72.0,74.59,71.04,76.83,73.73,69.47,72.12,71.83,74.03,75.0,76.78,73.73,75.34,74.51,72.33,74.56,73.11,71.66,75.66,69.67,76.5,73.62,76.29,74.42,75.77,77.39,76.55,70.31,71.32,73.9,71.84,77.25,73.58,75.33,74.87,69.37,72.05,69.3,75.88,73.72,72.89,73.76,75.84,75.84,70.47,76.12,75.0,74.06,67.2,69.88,72.75,68.97,75.7,71.69,74.84,74.99,71.91,69.95,71.1,75.56,74.24,75.98,73.0,72.5,72.67,74.73,71.3,75.84,72.58,75.17,74.92,72.73,75.47,73.14,75.44,75.3,72.58,70.93,75.57,76.82,75.45,71.31,76.28,74.94,76.14,75.72,71.85,77.39
differential,12.790923076923077,5.8186227544910185,5.518410346481435,8.28,25.58,19.37,16.01,21.75,26.74,9.4,13.6,9.08,15.65,2.93,9.79,9.22,17.12,13.27,12.74,14.82,6.66,11.34,12.53,8.24,15.56,13.49,12.8,8.25,11.91,8.26,13.85,17.64,8.9,13.64,8.07,6.82,1.77,10.42,9.83,7.37,10.84,4.16,15.5,7.82,7.31,11.99,9.83,3.89,8.02,16.05,14.69,10.68,7.19,4.26,12.59,8.17,13.98,9.21,5.8,10.66,17.21,13.41,12.25,7.91,11.35,6.28,18.07,9.83,11.08,15.38,13.85,4.2,9.39,9.58,7.81,7.63,15.29,7.93,15.55,9.55,12.77,3.2,10.42,14.92,13.2,6.21,7.1,0.78,6.59,8.62,5.49,5.54,11.15,14.05,11.26,10.86,8.02,7.2,11.13,6.33,9.65,5.74,5.61,8.06,18.48,9.3,8.91,8.27,10.51,6.0,15.42,10.76,1.38,6.43,0.77,8.11,7.08,8.54,8.59,7.24,11.59,6.01,12.5,2.16,7.37,9.54,9.44,9.18,6.4,1.39,2.86,9.34,10.46,8.4,4.42,12.79,8.15,5.87,6.72,4.98,8.38,7.63,-0.88,6.27,2.54,-2.64,6.14,9.79,6.53,4.6,8.46,1.18,3.78,5.81,9.95,7.25,8.75,8.6,7.98,10.62,12.84,6.89,4.2,4.46,8.53,2.17,5.91,1.41,6.08,11.53,4.25,5.99,2.72,0.55,3.82,5.22,1.83,12.04,12.65,4.13,3.54,1.05,3.74,8.82,8.37,4.19,4.48,3.18,10.66,3.72,6.1,3.15,7.36,6.71,-0.22,7.48,8.06,5.74,7.26,0.6,1.92,4.55,3.49,0.71,5.47,4.02,3.08,2.84,4.8,2.94,9.46,-2.33,7.18,2.88,2.36,4.81,5.57,-0.29,5.49,7.27,8.93,2.63,-0.03,6.19,3.54,3.76,1.57,3.49,16.82,5.6,9.01,4.35,7.07,1.27,3.22,0.91,0.98,5.01,6.89,2.74,-3.0,3.86,6.24,6.1,7.21,3.94,2.82,7.22,4.76,5.04,-0.06,4.39,-0.04,0.74,3.24,2.57,4.69,2.68,-6.51,-2.13,-2.39,1.65,4.03,2.1,1.86,0.64,5.54,0.46,8.59,1.26,2.42,4.37,1.42,0.43,1.53,-7.17,6.15,-0.1,3.23,6.38,-0.96,1.05,1.93,-2.18,1.71,-1.79,5.85,-0.26,0.88,3.86,0.56,-3.46,-2.92,4.42,-0.88,-0.46,1.16,8.17,5.02,0.3,7.76,-3.58,-2.44,-2.21,-0.84,4.56,2.28,0.2,-1.47,-2.68,-0.56,-4.72,2.28,-3.19,-2.9,1.95,-1.17,4.0,-0.85,-2.53,3.8,-2.05,-0.92,-2.58,-2.31,-0.21,5.89,-5.96,-5.16,0.18,-1.67,-4.31,-5.75,-5.52,-3.8,-0.38,-8.15
overcome/sites discovered,0.9629230769230769,0.939191616766467,0.07350679191774648,0.94,0.94,0.96,0.93,0.91,1.02,0.89,1.17,1.0,0.95,1.01,0.95,0.94,1.0,1.01,0.96,0.98,0.96,0.94,0.94,0.97,0.84,0.96,1.04,0.96,0.98,1.0,0.9,1.03,0.85,0.99,1.09,1.04,0.91,0.93,0.94,1.02,0.97,0.91,0.99,1.0,0.92,0.96,0.96,1.0,0.97,0.96,1.09,0.93,0.89,0.92,0.99,0.97,1.03,1.07,0.82,1.01,1.11,0.92,0.94,0.87,0.87,1.0,0.98,0.99,0.86,0.88,1.01,0.97,0.96,0.99,1.01,0.89,1.02,0.94,1.06,1.03,0.89,0.9,0.9,1.05,0.87,1.05,0.9,0.88,0.89,0.98,0.82,0.95,1.05,0.99,0.88,1.0,0.89,0.94,0.97,1.06,0.87,0.83,0.99,0.86,0.95,1.01,0.93,0.96,1.03,0.92,1.02,0.93,1.0,0.86,1.03,0.88,0.95,0.99,0.97,0.98,0.88,0.87,0.94,0.89,0.97,0.96,0.93,0.95,0.95,0.76,0.95,1.0,1.04,0.95,0.97,1.05,0.95,0.93,0.96,1.02,1.12,0.87,0.97,1.04,0.9,0.83,0.91,0.9,0.95,1.13,0.88,0.85,0.91,1.02,0.98,0.9,0.88,1.0,0.88,0.91,0.93,0.99,0.95,0.92,0.91,0.95,0.94,0.88,0.93,0.99,0.97,0.93,0.93,0.9,0.87,0.94,0.98,1.0,0.98,0.98,0.93,0.95,1.0,0.93,0.85,0.96,0.94,0.98,1.08,0.98,0.94,0.8,0.89,1.02,0.87,0.93,0.94,1.11,0.96,1.0,0.98,0.98,0.9,0.95,1.0,0.97,1.04,0.78,0.99,0.94,0.9,0.95,0.91,1.06,0.97,0.99,0.95,0.83,0.99,0.92,0.86,0.75,0.92,0.81,1.01,0.94,0.85,0.97,0.87,0.96,1.1,0.93,0.93,0.87,1.0,0.95,0.9,0.9,0.92,0.87,0.88,0.98,0.88,0.81,0.97,0.91,1.1,0.88,0.85,0.97,0.77,0.77,0.93,1.01,1.01,0.92,1.12,0.92,0.89,0.94,0.97,0.9,0.93,0.92,0.84,0.78,1.05,0.99,1.01,0.97,0.92,1.05,0.86,0.92,0.97,0.89,0.87,0.96,0.92,0.9,0.94,1.02,0.9,0.93,0.82,0.73,0.95,0.97,0.83,0.91,0.94,0.8,0.98,0.87,0.85,0.88,0.95,0.92,0.96,1.04,0.93,0.91,0.93,0.78,0.93,1.1,0.78,0.74,0.83,0.95,1.11,0.83,0.8,0.87,0.86,0.9,0.92,1.09,0.84,0.93,0.9,0.9,0.95,0.89,0.94,0.82,0.86,0.95,0.9,0.91,0.92,0.92,0.76,0.84,0.81,0.85,0.9
total resources,5.858461538461539,5.58185628742515,0.29201818766528315,5.61,5.88,6.07,6.06,6.0,6.15,5.88,5.69,5.81,5.99,5.63,5.9,5.71,5.91,5.82,5.96,5.99,5.94,5.87,5.79,5.69,6.18,5.83,5.98,5.83,6.04,5.74,5.77,6.0,5.99,6.17,5.67,5.84,5.69,5.85,5.76,5.5,5.67,5.5,6.18,5.39,5.7,5.95,5.88,5.48,5.63,6.22,5.89,5.71,5.67,5.71,5.99,5.72,5.82,5.74,5.97,5.71,5.69,5.91,5.79,5.88,5.84,5.76,5.83,5.65,5.92,5.81,5.52,5.61,5.77,5.71,5.72,5.56,5.71,5.68,5.66,5.79,5.46,5.59,5.84,5.92,5.84,5.64,6.13,5.72,5.58,5.72,5.28,5.86,5.71,5.91,5.97,5.55,5.72,5.87,5.83,5.57,5.89,5.59,5.67,5.62,5.98,5.78,5.73,5.44,5.85,5.86,5.83,5.88,5.62,5.52,5.41,5.94,5.5,5.55,5.82,5.87,5.88,5.88,5.98,5.56,5.89,5.76,5.83,5.24,5.85,5.43,5.59,5.77,5.74,5.54,5.88,5.85,6.02,5.62,5.65,5.74,5.6,5.53,5.45,5.49,5.78,4.87,5.74,5.92,5.69,5.57,5.87,5.46,5.86,5.69,5.69,5.85,5.83,5.52,5.63,5.81,5.77,6.06,5.81,5.57,5.69,5.4,5.74,5.39,5.65,5.91,5.62,5.65,5.66,5.62,5.55,5.57,5.41,5.44,5.8,5.88,5.56,5.39,5.53,5.88,5.79,5.54,5.58,5.31,5.99,5.66,5.38,5.57,5.95,5.61,5.13,5.78,5.67,5.09,5.58,5.68,5.53,5.69,5.17,5.27,5.65,5.32,5.15,5.48,5.43,5.42,5.68,5.19,5.41,5.52,5.57,5.5,5.64,5.48,5.58,5.8,5.79,5.76,5.2,5.63,5.63,5.71,5.44,5.11,5.86,5.38,5.52,5.74,5.89,5.64,5.47,5.29,5.4,5.63,5.68,5.55,5.26,5.9,5.74,5.7,5.25,5.45,4.99,5.5,5.49,5.07,5.38,5.53,5.18,5.62,5.47,5.95,5.25,5.41,4.76,5.31,5.22,5.55,5.79,5.31,5.53,5.13,5.41,5.42,5.1,5.42,5.25,5.7,5.56,5.52,5.37,5.05,5.27,4.94,5.45,5.56,5.37,5.69,5.45,5.24,5.13,5.12,5.24,5.43,5.08,5.63,5.26,5.24,5.21,5.61,5.2,5.26,5.34,5.14,5.41,5.12,5.36,5.1,5.09,4.76,5.07,5.49,5.44,5.15,5.17,5.24,5.39,5.12,5.77,4.72,5.3,5.67,5.28,5.49,5.48,4.79,5.36,5.1,5.06,5.39,4.96,5.15,5.67,5.04,5.36,5.58,5.1,5.03,4.92,5.2,5.17,5.01,4.63
sos-pt diff aggregate,7.717076923076923,3.698443113772455,2.7667254907559378,6.67,10.09,11.96,12.63,4.88,9.89,6.58,6.65,6.6,10.23,3.95,8.73,7.51,9.23,6.46,8.89,9.53,4.2,8.22,9.69,6.12,9.38,7.88,7.28,5.19,8.06,5.8,8.06,7.41,6.59,8.43,5.36,4.41,2.48,7.23,6.65,5.51,7.3,5.01,7.7,6.05,4.75,7.44,6.83,4.88,5.73,7.62,7.07,7.32,5.22,2.91,8.36,4.61,6.68,6.26,4.92,5.97,7.31,9.25,7.19,5.86,8.41,4.24,8.16,6.43,7.02,6.57,6.02,2.83,6.29,6.87,5.43,4.67,6.72,5.99,8.41,6.4,5.55,2.62,5.75,6.73,7.1,4.4,4.95,1.07,4.45,6.73,1.32,4.81,7.6,6.17,7.81,7.16,6.33,5.24,9.51,4.07,6.68,3.6,3.82,4.8,8.46,6.02,5.59,5.2,5.87,4.54,7.11,6.72,1.96,4.43,0.5,4.85,4.26,5.53,4.9,5.02,8.01,3.95,7.7,2.05,5.14,6.56,6.72,2.13,3.86,0.85,3.23,6.5,7.47,4.47,3.29,5.85,5.46,3.88,4.75,3.29,5.31,5.18,0,3.95,1.84,0,4.19,3.89,4.52,3.11,4.72,0.85,2.78,3.55,4.11,5.17,5.97,5.17,4.64,6.33,5.76,4.66,2.9,3.37,4.57,1.44,4.03,1.34,3.99,6.51,2.92,3.64,2.63,0.56,2.06,4.93,1.24,5.11,4.87,3.03,2.88,0.68,3.42,3.97,4.87,2.79,3.25,2.01,4.47,2.51,3.94,2.11,4.4,4.64,0,5.14,4.75,2.75,4.06,0.62,1.49,2.94,2.2,0.48,3.97,2.58,1.86,1.92,3.22,1.84,3.55,0,3.53,1.94,1.45,2.87,3.67,0,2.52,4.19,4.61,1.66,0,3.91,2.22,2.46,0.91,1.43,7.4,3.57,3.71,2.95,3.57,0.87,2.0,0.59,0.52,2.71,4.97,1.58,0,2.52,3.44,4.64,3.58,2.44,2.17,4.06,3.34,2.12,0,2.65,0,0.48,1.51,1.6,2.17,1.53,0,0,0,1.12,2.6,1.19,1.38,0.4,3.25,0.31,3.61,0.97,1.51,2.49,0.86,0.27,0.97,0,2.4,0,2.11,2.9,0,0.61,1.42,0,0.59,0,1.91,0,0.47,2.26,0.35,0,0,1.97,0,0,0.76,2.88,1.95,0.18,3.25,0,0,0,0,2.36,1.01,0.11,0,0,0,0,1.25,0,0,1.01,0,1.94,0,0,1.87,0,0,0,0,0,2.95,0,0,0.11,0,0,0,0,0,0,0
sos-pt adjusted,7.873846153846154,3.7573952095808383,2.794274838552997,6.76,10.09,11.96,12.63,4.88,9.89,6.58,6.65,6.6,10.23,6.7,9.79,7.7,9.23,6.46,8.89,9.53,4.2,8.22,9.69,6.12,9.38,7.88,7.28,5.19,8.06,5.8,8.06,7.41,6.59,8.43,5.36,4.41,4.37,7.23,6.65,5.51,7.3,7.58,7.7,6.05,4.75,7.44,6.83,7.7,5.73,7.62,7.07,7.32,5.22,2.91,8.36,4.61,6.68,6.26,5.25,5.97,7.31,9.25,7.19,5.86,8.41,4.24,8.16,6.43,7.02,6.57,6.02,2.83,6.29,6.87,5.43,4.67,6.72,5.99,8.41,6.4,5.55,2.7,5.75,6.73,7.1,4.4,4.95,1.85,4.45,6.73,1.32,5.25,7.6,6.17,7.81,7.16,6.33,5.24,10.22,4.07,6.68,3.6,3.82,4.8,8.46,6.02,5.59,5.2,5.87,4.54,7.11,6.72,3.49,4.43,0.5,4.85,4.26,5.53,4.9,5.02,8.01,3.95,7.7,2.44,5.14,6.56,6.72,2.13,3.86,0.85,4.59,6.5,7.47,4.47,3.29,5.85,5.46,3.88,4.75,3.29,5.31,5.18,0.0,3.95,1.84,0,4.19,3.89,4.52,3.11,4.72,0.85,2.78,3.55,4.11,5.17,5.97,5.17,4.64,6.33,5.76,4.66,2.9,3.37,4.57,1.44,4.03,1.61,3.99,6.51,2.92,3.64,3.2,0.72,2.06,5.86,1.24,5.11,4.87,3.03,2.94,0.68,3.94,3.97,4.87,2.79,3.25,2.01,4.47,2.51,3.94,2.11,4.4,4.64,0,5.14,4.75,2.75,4.06,0.81,1.49,2.94,2.2,0.48,3.97,2.58,1.86,1.92,3.22,1.84,3.55,0,3.53,1.94,1.45,2.87,3.67,0.0,2.52,4.19,4.61,1.66,0,3.91,2.22,2.46,0.91,1.43,7.4,3.57,3.71,2.95,3.57,0.87,2.0,0.59,0.52,2.71,4.97,1.58,0,2.52,3.44,4.64,3.58,2.44,2.17,4.06,3.34,2.12,0,2.65,0,0.48,1.51,1.6,2.17,1.53,0,0,0,1.12,2.6,1.19,1.38,0.4,3.25,0.31,3.61,0.97,1.51,2.49,0.86,0.27,0.97,0,2.4,0,2.11,2.9,0,0.61,1.42,0,0.59,0,1.91,0,0.47,2.26,0.35,0,0,1.97,0,0,0.76,2.88,1.95,0.18,3.25,0,0,0,0,2.36,1.01,0.11,0,0,0,0,1.25,0,0,1.01,0,1.94,0,0,1.87,0,0,0,0,0,2.95,0,0,0.11,0,0,0,0,0,0,0
BGAPlayerID,,,,96017597,88136440,85374165,90839284,93673668,93723048,91029806,97366353,6520257,,93769380,85271721,83904517,91490606,,95044660,92473971,87775305,93656161,84202068,95440574,97950940,97544840,96363529,91322336,89655216,93864419,91694235,91254370,94426633,94711042,94001727,86374828,90995647,90710722,85182820,89457790,87564792,84398565,98148341,89561985,93854435,91858253,90575828,20632099,87703026,100197820,95462944,,84268219,96826084,90226602,96009742,93717042,93109570,91566451,84748602,86303358,94720618,84277209,94380029,93483660,94950295,94476950,91569817,94254384,83852291,90873369,94688997,83878697,95962341,90659194,88139454,91254483,92165421,91153079,93030447,85817086,98335056,85553648,85609751,84491458,89146605,84451864,99694690,95336093,91401941,95189475,84803565,94335294,92873518,91388101,96665693,91498085,86832180,97626306,86674319,96201685,84910513,92450945,84778481,96066052,84014144,89839273,97952179,94244303,,94118344,95169198,4985801,91153517,93393885,85259752,93983158,96353502,95828359,87317465,85137070,96278828,89715997,94735070,88682380,94886619,94890465,93518340,94807131,91328430,51461145,91378605,94283575,91801644,93985757,99592557,91816815,93175270,94166031,91533797,85654976,88799451,84794067,87215676,97196374,94707613,88658213,95503049,84719435,96907524,93894722,,92568046,92396026,96353841,96344942,94056249,92581460,94828604,92370992,85536171,96289952,84095154,94014398,92137744,95089660,92482903,98416266,97678377,90487472,85363170,97967663,98493202,86511511,93334399,95390101,92352656,89630325,84156698,86950199,96622401,84567341,91917270,84615161,86770222,92078798,92373205,38363561,86680342,90032150,85045928,93453033,94061607,96435887,90426084,94265962,8621261,97326960,93551592,98493249,85159195,89656424,90853528,85104191,95216471,87564842,97526426,87048617,91208921,92904871,88933053,92593587,88950852,92816637,88450265,83924404,88089898,90419756,92168020,86241454,89156600,84174932,95801427,,95780606,97256770,94799996,93017175,85052877,85515377,89291410,85906354,91057808,92713411,83847370,91541023,92835788,95959730,90911771,93310826,94047436,93853994,96022385,91715854,3891046,89414228,84351570,87373185,92597895,99669822,92195331,84387682,94382995,96456909,85347218,95581632,97809336,97478721,95894882,85167372,84884926,91678520,97992432,,86706833,93820958,84735697,93060942,95075026,84141882,,92456010,94717677,93589538,94273534,95082420,63633581,37673299,95360060,98428126,84068800,96686058,90935827,94243222,90937096,83924966,94676910,29367199,90070148,92341798,91227313,96093808,88302430,93764598,90797880,96063113,84203186,98464184,87276969,95386548,89054167,85208628,93985705,90378464,93102377,89381371,84957717,92137611,93591449,85396701,97128233,96438955,93847102,770211,90816128,97385765,94871875,92633718,85447929,92924603,95288538,85719307,89522529,93437777,84701789,96309077,96176341,94108983,90724663,97798239,94409572,96315949,95250079,85452145,84571818,90975448,94961940
